id_waterbody,water_body
1,GB104027062870
2,GB104027063050
3,GB104027064090
4,GB104027068820
5,GB104027069250
6,GB104027064180
7,GB104027068900
8,GB104027063870
9,GB104027069290
10,GB104027064050
11,GB104027068297
12,GB104027069464
13,GB104027064254
14,GB104027064150
15,GB104027068810
16,GB104027069280
17,GB104027063010
18,GB104027062990
19,GB104027063770
20,GB104027069350
21,GB104027063035
22,GB104027063130
23,GB104027069400
24,GB104027064020
25,GB104027069240
26,GB104027063950
27,GB104027069330
28,GB104027063730
29,GB104027069530
30,GB104027069591
31,GB104027062960
32,GB104027062900
33,GB104027069230
34,GB104027064210
35,GB104027063840
36,GB104027064140
37,GB104027062910
38,GB104027069270
39,GB104027068850
40,GB104027068800
41,GB104027062880
42,GB104027064257
43,GB104027063060
44,GB104027064253
45,GB104027063120
46,GB104027062980
47,GB104027068930
48,GB104027063020
49,GB104027069320
50,GB104027064010
51,GB104027069461
52,GB104027069190
53,GB104027062930
54,GB104027064130
55,GB104027064100
56,GB104027064040
57,GB104027063090
58,GB104027063860
59,GB104027064030
60,GB104027064190
61,GB104027062950
62,GB104027063080
63,GB104027063033
64,GB104027063810
65,GB104027069340
67,GB104027068296
68,GB104027068790
69,GB104027063920
70,GB104027064110
71,GB104027069200
72,GB104027063741
73,GB104027064161
74,GB104027069310
75,GB104027064070
76,GB104027063880
77,GB104027063800
78,GB104027069390
79,GB104027063110
80,GB104027069220
81,GB104027063070
82,GB104027068780
84,GB104027069210
85,GB104027063960
86,GB104027069592
87,GB104027062891
88,GB104027069260
89,GB104027064060
90,GB104027064255
91,GB104027068295
92,GB104027063990
93,GB104027063970
94,GB104027063890
95,GB104027063700
96,GB104027068292
97,GB104027068294
98,GB104027064258
99,GB104027068298
100,GB104027068380
101,GB104027064120
102,GB104027063100
103,GB104027063760
104,GB104027064080
105,GB104027064162
106,GB104027068830
107,GB104027062920
108,GB104027069360
109,GB104027062970
110,GB104027063034
111,GB104027064230
112,GB104027069300
113,GB104027068841
114,GB104027062940
115,GB104027068300
116,GB104027063850
117,GB104027068270
118,GB104027063742
119,GB104027063580
120,GB104027069090
121,GB104027067760
122,GB104027063520
123,GB104027069000
125,GB104027068260
126,GB104027069540
128,GB104027063900
130,GB104027063530
132,GB104027069470
134,GB104027068630
135,GB104027069121
136,GB104027068580
137,GB104027064001
138,GB104027068450
139,GB104027069070
140,GB104027069040
141,GB104027069110
142,GB104027068960
143,GB104027068591
144,GB104027068201
145,GB104027069560
146,GB104027068420
147,GB104027068560
148,GB104027068640
149,GB104027068620
150,GB104027068910
151,GB104027069510
152,GB104027069480
153,GB104027068990
154,GB104027069060
155,GB104027068320
158,GB104027069030
159,GB104027069593
160,GB104027068920
161,GB104027068240
162,GB104027069490
163,GB104027069170
164,GB104027069180
165,GB104027068250
166,GB104027068340
167,GB104027069150
168,GB104027068312
169,GB104027063500
170,GB104027068280
171,GB104027068980
172,GB104027069430
173,GB104027069550
174,GB104027063720
175,GB104027069050
177,GB104027069500
178,GB104027068950
180,GB104027069080
181,GB104027069160
182,GB104027069380
183,GB104027063540
185,GB104027068550
186,GB104027068880
187,GB104027068870
188,GB104027068940
189,GB104027069520
190,GB104027063790
191,GB104027069410
192,GB104027068210
194,GB104027063560
195,GB104027063910
196,GB104027068220
197,GB104027069100
198,GB104027069140
199,GB104027068230
200,GB104027069010
201,GB104027069122
202,GB104027063830
204,GB104027068200
205,GB104027063780
206,GB104027069130
207,GB104027069450
208,GB104027069020
209,GB104027068430
210,GB104027068330
211,GB104027069463
212,GB104027068500
213,GB104027063820
214,GB104027068190
215,GB104027063570
216,GB104027068970
217,GB104027063590
218,GB104027063036
219,GB104027063172
220,GB104027062632
222,GB104027062670
223,GB104027062631
224,GB104027062690
226,GB104027063310
227,GB104027062520
228,GB104027062840
229,GB104027062620
230,GB104027062861
231,GB104027062680
232,GB104027057530
233,GB104027062710
234,GB104027057490
235,GB104027062700
236,GB104027062720
237,GB104027062642
239,GB104027062770
240,GB104027062862
241,GB104027057470
242,GB104027063150
243,GB104027062550
244,GB104027062731
245,GB104027062600
246,GB104027062810
247,GB104027063220
248,GB104027062830
249,GB104027063230
250,GB104027062641
251,GB104027063301
252,GB104027063180
253,GB104027063171
254,GB104027062780
256,GB104027064242
257,GB104027063340
258,GB104027057560
259,GB104027062660
260,GB104027062820
261,GB104027064200
262,GB104027063250
263,GB104027062540
264,GB104027057550
265,GB104027063037
266,GB104027062530
267,GB104027063190
268,GB104027063330
269,GB104027063173
270,GB104027063260
271,GB104027062610
272,GB104027057610
274,GB104027062650
276,GB104027057520
277,GB104027057510
278,GB104027063411
279,GB104027057600
280,GB104027062750
282,GB104027057500
283,GB104027062850
285,GB104027057480
286,GB104027062570
287,GB104027062510
288,GB104027062590
289,GB104027062580
290,GB104027062560
291,GB104027062740
293,GB104027063510
294,GB104027067900
295,GB104027067811
296,GB104027068540
297,GB104027067930
298,GB104027068460
299,GB104027067890
300,GB104027067960
301,GB104027073281
302,GB104027068470
303,GB104027068401
304,GB104027063550
305,GB104027068510
306,GB104027068570
307,GB104027068313
308,GB104027068480
309,GB104027068440
311,GB104027068600
312,GB104027067880
313,GB104027067971
315,GB104027067950
316,GB104027067750
317,GB104027068370
318,GB104027068490
319,GB104027068520
320,GB104027067910
321,GB104027067870
322,GB104027067990
324,GB104027068530
326,GB104027067790
327,GB104027068040
328,GB104027067800
329,GB104027057720
331,GB104027057452
333,GB104027057760
334,GB104027057380
335,GB104027057360
336,GB104027057740
337,GB104027057301
339,GB104027057750
340,GB104027057412
341,GB104027057700
342,GB104027057773
343,GB104027057290
344,GB104027057390
345,GB104027057630
346,GB104027057620
347,GB104027057430
348,GB104027057370
349,GB104027052280
351,GB104027057400
352,GB104027057660
353,GB104027057460
354,GB104027057670
355,GB104027057710
356,GB104027057320
357,GB104027057413
359,GB104027057420
360,GB104027057411
361,GB104027057640
362,GB104027057310
363,GB104027057340
364,GB104027057772
365,GB104027057771
366,GB104027057440
367,GB104027064244
370,GB104027057730