EASTING,NORTHING,site_id,n_days,median_of_p90_ug,p95_of_p90_ug,median_of_median_ug,p95_of_median_ug,generic_hc5,generic_hc5_divided by 10,acute_risk_threshold_p90,chronic_risk_threshold_p90,acute_risk_threshold_average,chronic_risk_threshold_average,site_specific hc5,site_specific hc5/10,ss_acute_risk_threshold_p90,ss_chronic_risk_threshold_p90,ss_acute_risk_threshold_average,ss_chronic_risk_threshold_average
427759,434109,1,1826,0.001469032,0.02206751,0.001274605,0.01760915,0.0189,0.00189,yes,no,no,no,na,na,na,na,na,na
433800,420100,2,1826,0.001687895,0.028338145,0.001395835,0.022666675,0.0189,0.00189,yes,no,yes,no,na,na,na,na,na,na
399522,446764,5,1826,0.000682947,0.0118414,0.000586179,0.009172308,0.0189,0.00189,no,no,no,no,na,na,na,na,na,na
441798,427319,6,1826,0.002456066,0.035866655,0.00213839,0.0292487,0.0189,0.00189,yes,yes,yes,yes,0.392460431,0.039246043,no,no,no,no
422219,436943,7,1826,0.001474528,0.02295559,0.001266065,0.018401275,0.0189,0.00189,yes,no,no,no,0.024363773,0.002436377,no,no,no,no
417756,439961,11,1826,0.000905044,0.01394963,0.000769894,0.011150125,0.0189,0.00189,no,no,no,no,na,na,na,na,na,na
404212,490915,18,1826,0.000467214,0.011542755,0.000376401,0.009116923,0.0189,0.00189,no,no,no,no,0.020427929,0.002042793,no,no,no,no
398227,504509,19,1826,8.53345E-06,0.000111942,4.64866E-06,4.92083E-05,0.0189,0.00189,no,no,no,no,0.019578861,0.001957886,no,no,no,no
404153,499167,20,1826,9.93861E-05,0.001745304,6.32693E-05,0.001234798,0.0189,0.00189,no,no,no,no,0.055390789,0.005539079,no,no,no,no
414776,466439,22,1826,0.000016278,0.00017341,1.04855E-05,0.00011414,0.0189,0.00189,no,no,no,no,0.025534993,0.002553499,no,no,no,no
392218,487759,23,1826,2.64116E-05,0.000357201,1.73524E-05,0.000237978,0.0189,0.00189,no,no,no,no,0.009311914,0.000931191,no,no,no,no
404732,456247,25,1826,1.91367E-05,6.57802E-05,1.15355E-05,4.79059E-05,0.0189,0.00189,no,no,no,no,0.010387587,0.001038759,no,no,no,no
435909,375484,26,1826,0.001194906,0.01278824,0.000906425,0.010538525,0.0189,0.00189,no,no,no,no,0.017328176,0.001732818,no,no,no,no
401477,498697,28,1826,5.29729E-05,0.001223722,3.17911E-05,0.000698557,0.0189,0.00189,no,no,no,no,0.050303609,0.005030361,no,no,no,no
430654,490229,33,1826,0.002326329,0.02487121,0.00164095,0.020122,0.0189,0.00189,yes,yes,yes,no,0.016366304,0.00163663,yes,yes,yes,yes
427010,413243,34,1826,0.00012106,0.00088525,6.55841E-05,0.00054475,0.0189,0.00189,no,no,no,no,0.007558023,0.000755802,no,no,no,no
443150,473852,36,1826,0.00131209,0.020032655,0.000888473,0.01395845,0.0189,0.00189,yes,no,no,no,na,na,na,na,na,na
493368,491519,39,1826,0.000062283,0.000366818,3.61311E-05,0.000244569,0.0189,0.00189,no,no,no,no,0.01860982,0.001860982,no,no,no,no
409917,421431,41,1826,0.00128227,0.02142189,0.001039435,0.017785975,0.0189,0.00189,yes,no,no,no,0.016984617,0.001698462,yes,no,yes,no
415129,437601,47,1826,0.000930179,0.014403845,0.000792293,0.0115509,0.0189,0.00189,no,no,no,no,0.028921517,0.002892152,no,no,no,no
442346,488628,49,1826,0.000263555,0.005854546,0.000182243,0.00340216,0.0189,0.00189,no,no,no,no,0.01001758,0.001001758,no,no,no,no
423986,497876,51,1826,0.000155261,0.001901751,0.000111689,0.00145422,0.0189,0.00189,no,no,no,no,0.009131596,0.00091316,no,no,no,no
395871,451334,52,1826,0.00059099,0.010431335,0.000499632,0.008008858,0.0189,0.00189,no,no,no,no,0.00826009,0.000826009,yes,no,no,no
422522,479895,53,1826,7.41578E-05,0.000986782,4.96348E-05,0.000802222,0.0189,0.00189,no,no,no,no,0.008685802,0.00086858,no,no,no,no
399553,426857,57,1826,0.00026437,0.004616799,0.000215842,0.003712518,0.0189,0.00189,no,no,no,no,0.012737129,0.001273713,no,no,no,no
389769,426531,58,1826,5.33833E-06,4.81778E-05,2.94329E-06,0.000026706,0.0189,0.00189,no,no,no,no,0.011096733,0.001109673,no,no,no,no
391737,425618,60,1826,4.66185E-06,5.16745E-05,3.01346E-06,4.06081E-05,0.0189,0.00189,no,no,no,no,0.008789912,0.000878991,no,no,no,no
441003,425860,61,1826,0.002003438,0.03351113,0.00165764,0.02681375,0.0189,0.00189,yes,yes,yes,no,0.35053741,0.035053741,no,no,no,no
418870,420510,64,1826,0.001404504,0.023628405,0.00114474,0.019538475,0.0189,0.00189,yes,no,yes,no,na,na,na,na,na,na
431401,408978,68,1826,0.001282425,0.01332738,0.000967416,0.011174475,0.0189,0.00189,no,no,no,no,0.010200203,0.00102002,yes,yes,yes,no
441620,490031,73,1826,0.000356929,0.007432104,0.000253425,0.0043951,0.0189,0.00189,no,no,no,no,0.018647636,0.001864764,no,no,no,no
441067,476024,75,1826,0.000819533,0.014775185,0.000542696,0.008519558,0.0189,0.00189,no,no,no,no,0.018257461,0.001825746,no,no,no,no
419677,499136,76,1826,2.60043E-05,0.000181646,1.43225E-05,0.000119366,0.0189,0.00189,no,no,no,no,0.0134532,0.00134532,no,no,no,no
438677,445929,77,1826,0.000354953,0.007623503,0.000297433,0.006640623,0.0189,0.00189,no,no,no,no,0.009064792,0.000906479,no,no,no,no
417730,420161,83,1826,0.001795357,0.030428055,0.00142659,0.024790725,0.0189,0.00189,yes,no,yes,no,0.009612732,0.000961273,yes,yes,yes,yes
414431,487014,86,1826,0.000163327,0.003847279,0.000123243,0.002972743,0.0189,0.00189,no,no,no,no,0.014579734,0.001457973,no,no,no,no
440050,453065,87,1826,0.000667418,0.013615015,0.000533879,0.011200925,0.0189,0.00189,no,no,no,no,0.010060362,0.001006036,yes,no,yes,no
429925,451312,90,1826,0.000063151,0.000610188,3.96221E-05,0.000424548,0.0189,0.00189,no,no,no,no,na,na,na,na,na,na
429696,412099,93,1826,0.001925688,0.02017026,0.00146801,0.016926475,0.0189,0.00189,yes,yes,no,no,0.048080502,0.00480805,no,no,no,no
447446,402227,94,1826,0.003288341,0.033093405,0.002470345,0.0277455,0.0189,0.00189,yes,yes,yes,yes,0.059492476,0.005949248,no,no,no,no
427147,412320,95,1826,0.002816946,0.02994158,0.002158095,0.02491595,0.0189,0.00189,yes,yes,yes,yes,0.035506858,0.003550686,no,no,no,no
440393,407004,96,1826,0.003051945,0.031416845,0.00229805,0.026656275,0.0189,0.00189,yes,yes,yes,yes,0.010225512,0.001022551,yes,yes,yes,yes
431203,410092,97,1826,0.001729554,0.018076735,0.00131996,0.015208325,0.0189,0.00189,no,no,no,no,0.007625458,0.000762546,yes,yes,yes,yes
433419,408865,98,1826,0.0017285,0.01794199,0.001310395,0.01513845,0.0189,0.00189,no,no,no,no,0.015329299,0.00153293,yes,yes,no,no
494230,490996,103,1826,5.35661E-05,0.000350802,3.18384E-05,0.000198436,0.0189,0.00189,no,no,no,no,0.013326415,0.001332642,no,no,no,no
489244,479662,107,1826,0.000850003,0.013491185,0.000686289,0.009851775,0.0189,0.00189,no,no,no,no,0.011714617,0.001171462,yes,no,no,no
498429,487109,109,1826,0.000103047,0.000695103,6.17075E-05,0.000428229,0.0189,0.00189,no,no,no,no,0.011347342,0.001134734,no,no,no,no
403980,460867,110,1826,3.52791E-05,0.000503058,2.68171E-05,0.000393841,0.0189,0.00189,no,no,no,no,0.054805341,0.005480534,no,no,no,no
445300,372600,112,1826,0.001251615,0.014193045,0.000811097,0.0106712,0.0189,0.00189,no,no,no,no,na,na,na,na,na,na
446100,369100,113,1826,0.00107485,0.01273242,0.000709123,0.009551368,0.0189,0.00189,no,no,no,no,na,na,na,na,na,na
430801,393360,116,1826,0.000740227,0.0109985,0.00061883,0.008208525,0.0189,0.00189,no,no,no,no,na,na,na,na,na,na
429257,398660,117,1826,0.001112402,0.015558335,0.000918184,0.012640575,0.0189,0.00189,no,no,no,no,0.00931373,0.000931373,yes,yes,yes,no
415792,402415,118,1826,2.78591E-05,7.39255E-05,2.21482E-05,4.24264E-05,0.0189,0.00189,no,no,no,no,0.023558918,0.002355892,no,no,no,no
451721,399346,123,1826,0.003030886,0.03628226,0.00252818,0.03178315,0.0189,0.00189,yes,yes,yes,yes,na,na,na,na,na,na
470657,481383,127,1826,0.000244868,0.003667973,0.000186715,0.002868243,0.0189,0.00189,no,no,no,no,0.020205276,0.002020528,no,no,no,no
466600,497400,130,1826,1.81735E-05,0.000143717,9.99135E-06,8.60959E-05,0.0189,0.00189,no,no,no,no,0.026656109,0.002665611,no,no,no,no
429836,395522,148,1826,0.000758987,0.01142658,0.000635173,0.008508783,0.0189,0.00189,no,no,no,no,0.024380841,0.002438084,no,no,no,no
395099,498243,165,1826,6.38971E-05,0.001745494,3.65831E-05,0.000879172,0.0189,0.00189,no,no,no,no,0.047704116,0.004770412,no,no,no,no
410360,438446,170,1826,0.000891646,0.014516735,0.000771386,0.01170355,0.0189,0.00189,no,no,no,no,na,na,na,na,na,na
446310,374263,171,1826,0.000568551,0.00372124,0.000232883,0.001694958,0.0189,0.00189,no,no,no,no,0.017940172,0.001794017,no,no,no,no
438126,370822,175,1826,0.000105232,0.000871246,5.45791E-05,0.00067811,0.0189,0.00189,no,no,no,no,0.008563884,0.000856388,no,no,no,no
466899,477336,178,1826,0.000954084,0.012563785,0.000676536,0.00785025,0.0189,0.00189,no,no,no,no,0.007940356,0.000794036,yes,yes,no,no
414258,415787,181,1826,0.000275486,0.003965256,0.000232833,0.003299052,0.0189,0.00189,no,no,no,no,0.013884438,0.001388444,no,no,no,no
407774,452469,190,1826,8.80194E-05,0.0020617,7.38891E-05,0.001691138,0.0189,0.00189,no,no,no,no,0.010205256,0.001020526,no,no,no,no
450829,460257,192,1826,0.004576846,0.06030169,0.002747665,0.03631485,0.0189,0.00189,yes,yes,yes,yes,0.012472599,0.00124726,yes,yes,yes,yes
449577,465147,193,1826,0.006113302,0.08641799,0.003711805,0.053168175,0.0189,0.00189,yes,yes,yes,yes,na,na,na,na,na,na
430190,471002,195,1826,0.000674826,0.011376905,0.000497893,0.009041235,0.0189,0.00189,no,no,no,no,na,na,na,na,na,na
428945,398061,198,1826,0.000064955,0.000843002,4.73504E-05,0.000580266,0.0189,0.00189,no,no,no,no,0.022349341,0.002234934,no,no,no,no
425623,399069,200,1826,0.000040457,0.000240901,2.83837E-05,0.000151797,0.0189,0.00189,no,no,no,no,0.004604578,0.000460458,no,no,no,no
432565,389330,203,1826,7.77121E-05,0.000701245,5.98079E-05,0.00051737,0.0189,0.00189,no,no,no,no,na,na,na,na,na,na
433846,389733,204,1826,9.34661E-05,0.001027439,6.59696E-05,0.000761053,0.0189,0.00189,no,no,no,no,0.007205748,0.000720575,no,no,no,no
431875,418711,205,1826,0.001744577,0.029205105,0.001429625,0.023415375,0.0189,0.00189,yes,no,yes,no,na,na,na,na,na,na
411803,412102,206,1826,0.000524263,0.007543968,0.000428699,0.006320763,0.0189,0.00189,no,no,no,no,na,na,na,na,na,na
410345,500455,208,1826,9.10555E-05,0.001454868,5.88805E-05,0.001001285,0.0189,0.00189,no,no,no,no,0.075174088,0.007517409,no,no,no,no
410916,411254,210,1826,5.22953E-05,0.001292247,3.48216E-05,0.001045668,0.0189,0.00189,no,no,no,no,na,na,na,na,na,na
391062,497833,214,1826,4.00959E-05,0.00102575,2.28632E-05,0.000481173,0.0189,0.00189,no,no,no,no,0.023500061,0.002350006,no,no,no,no
451817,462461,216,1826,0.004987737,0.06718352,0.003009965,0.039874425,0.0189,0.00189,yes,yes,yes,yes,0.023865072,0.002386507,yes,yes,yes,yes
441187,453188,217,1826,0.000662375,0.013247455,0.000527518,0.010963875,0.0189,0.00189,no,no,no,no,0.008720048,0.000872005,yes,no,yes,no
439497,453518,218,1826,0.000497605,0.01087154,0.000399525,0.008954585,0.0189,0.00189,no,no,no,no,0.011046572,0.001104657,no,no,no,no
444817,454038,219,1826,0.000656746,0.013014505,0.000528294,0.010774825,0.0189,0.00189,no,no,no,no,na,na,na,na,na,na
409427,476739,222,1826,1.73941E-05,0.000337821,1.22266E-05,0.000248842,0.0189,0.00189,no,no,no,no,0.02812081,0.002812081,no,no,no,no
431615,458588,227,1826,0.000408055,0.009096939,0.000326313,0.007523745,0.0189,0.00189,no,no,no,no,na,na,na,na,na,na
435045,456468,228,1826,0.000409814,0.009036947,0.000325375,0.007466855,0.0189,0.00189,no,no,no,no,0.00950746,0.000950746,no,no,no,no
429463,457751,231,1826,0.000133532,0.008588926,9.02758E-05,0.004447768,0.0189,0.00189,no,no,no,no,0.014431828,0.001443183,no,no,no,no
424666,437128,232,1826,0.001467357,0.02224785,0.0012738,0.017848275,0.0189,0.00189,yes,no,no,no,0.009968264,0.000996826,yes,yes,yes,yes
459144,445488,236,1826,0.000815166,0.015502985,0.000641476,0.012663425,0.0189,0.00189,no,no,no,no,0.055244188,0.005524419,no,no,no,no
479644,484390,239,1826,0.000326,0.004051415,0.000209569,0.002656692,0.0189,0.00189,no,no,no,no,0.018972795,0.001897279,no,no,no,no
445033,384121,240,1826,0.00306487,0.03300788,0.00236218,0.027679625,0.0189,0.00189,yes,yes,yes,yes,0.0127609,0.00127609,yes,yes,yes,yes
468607,479910,243,1826,0.00023572,0.002000487,0.000142385,0.001308948,0.0189,0.00189,no,no,no,no,0.018201393,0.001820139,no,no,no,no
425578,445915,244,1826,0.000266586,0.006043065,0.000222203,0.00520487,0.0189,0.00189,no,no,no,no,0.018906558,0.001890656,no,no,no,no
432268,388595,245,1826,8.94819E-05,0.000947104,6.82988E-05,0.000658161,0.0189,0.00189,no,no,no,no,na,na,na,na,na,na
442427,390486,248,1826,0.003603298,0.03870078,0.002795,0.03295535,0.0189,0.00189,yes,yes,yes,yes,0.064190146,0.006419015,no,no,no,no
439220,373963,252,1826,0.001915104,0.020351275,0.00149651,0.01700025,0.0189,0.00189,yes,yes,no,no,na,na,na,na,na,na
405852,423334,253,1826,0.000496217,0.008191708,0.000407716,0.006786253,0.0189,0.00189,no,no,no,no,0.017880083,0.001788008,no,no,no,no
403416,418775,254,1826,5.37544E-06,2.75994E-05,4.03318E-06,2.07475E-05,0.0189,0.00189,no,no,no,no,0.015519076,0.001551908,no,no,no,no
404523,420437,255,1826,0.001133,0.019049665,0.000919563,0.016044325,0.0189,0.00189,yes,no,no,no,0.010356761,0.001035676,yes,yes,yes,no
466514,479389,257,1826,0.000131679,0.001441494,9.06653E-05,0.001130315,0.0189,0.00189,no,no,no,no,0.008723163,0.000872316,no,no,no,no
454264,489366,259,1826,6.83673E-05,0.000559146,3.37499E-05,0.000231293,0.0189,0.00189,no,no,no,no,0.027273734,0.002727373,no,no,no,no
424602,403882,261,1826,0.000314704,0.003392362,0.000257968,0.00256013,0.0189,0.00189,no,no,no,no,0.012610174,0.001261017,no,no,no,no
474463,479091,267,1826,0.000307373,0.005122255,0.000223989,0.003524468,0.0189,0.00189,no,no,no,no,0.010761609,0.001076161,no,no,no,no
435767,386381,269,1826,0.000119484,0.002517407,5.25052E-05,0.00183405,0.0189,0.00189,no,no,no,no,na,na,na,na,na,na
432794,382271,270,1826,3.07428E-05,0.000173244,1.44925E-05,0.000090322,0.0189,0.00189,no,no,no,no,0.015127694,0.001512769,no,no,no,no
420419,502885,273,1826,0.000558651,0.007448109,0.000411171,0.006175828,0.0189,0.00189,no,no,no,no,na,na,na,na,na,na
427654,417806,279,1826,0.0003439,0.004240377,0.000243864,0.002902795,0.0189,0.00189,no,no,no,no,na,na,na,na,na,na
444579,378452,280,1826,0.003559252,0.03813412,0.00271581,0.032146075,0.0189,0.00189,yes,yes,yes,yes,0.127640934,0.012764093,no,no,no,no
472675,462390,284,1826,0.000620316,0.009073172,0.000472777,0.006834343,0.0189,0.00189,no,no,no,no,0.015897538,0.001589754,no,no,no,no
443296,471412,293,1826,0.000709112,0.012545715,0.00053828,0.0102387,0.0189,0.00189,no,no,no,no,0.010385668,0.001038567,yes,no,no,no
436389,479785,295,1826,0.000692038,0.01216783,0.000525287,0.01026605,0.0189,0.00189,no,no,no,no,0.009983517,0.000998352,yes,no,yes,no
431872,491772,298,1826,0.000324031,0.006718989,0.000240829,0.0051243,0.0189,0.00189,no,no,no,no,0.017509936,0.001750994,no,no,no,no
443729,379908,301,1826,0.00324466,0.034826175,0.00248414,0.0293357,0.0189,0.00189,yes,yes,yes,yes,na,na,na,na,na,na
483363,482307,305,1826,0.002010362,0.08312457,0.00135367,0.020681025,0.0189,0.00189,yes,yes,yes,no,0.009038065,0.000903806,yes,yes,yes,yes
408506,449600,310,1826,8.92721E-05,0.001999975,7.36408E-05,0.001649455,0.0189,0.00189,no,no,no,no,0.010492354,0.001049235,no,no,no,no
409190,489411,314,1826,9.79693E-05,0.002082207,6.88105E-05,0.0016366,0.0189,0.00189,no,no,no,no,0.012550647,0.001255065,no,no,no,no
419101,486001,317,1826,0.000175766,0.004162299,0.000134315,0.003251648,0.0189,0.00189,no,no,no,no,na,na,na,na,na,na
427067,478780,319,1826,0.000170664,0.003661165,0.000127472,0.002902257,0.0189,0.00189,no,no,no,no,0.013230342,0.001323034,no,no,no,no
433210,470214,321,1826,0.000332004,0.00683999,0.000251544,0.005667088,0.0189,0.00189,no,no,no,no,na,na,na,na,na,na
423113,446457,324,1826,7.16492E-05,0.000164633,5.73418E-05,0.000101261,0.0189,0.00189,no,no,no,no,0.019089187,0.001908919,no,no,no,no
418788,445491,339,1826,0.000205932,0.004823318,0.000174823,0.004094558,0.0189,0.00189,no,no,no,no,0.008241908,0.000824191,no,no,no,no
399731,463920,341,1826,3.19174E-05,0.000538884,2.40378E-05,0.000407148,0.0189,0.00189,no,no,no,no,0.011062869,0.001106287,no,no,no,no
403199,461076,343,1826,0.000084016,0.00201499,6.78951E-05,0.001572455,0.0189,0.00189,no,no,no,no,0.014886384,0.001488638,no,no,no,no
443144,445827,347,1826,0.000418099,0.009122517,0.000346943,0.008000995,0.0189,0.00189,no,no,no,no,0.009072993,0.000907299,yes,no,no,no
438279,374317,349,1826,0.003070115,0.032190315,0.00241799,0.026915925,0.0189,0.00189,yes,yes,yes,yes,na,na,na,na,na,na
385777,490713,350,1826,1.06247E-05,0.000150349,5.75189E-06,8.05782E-05,0.0189,0.00189,no,no,no,no,na,na,na,na,na,na
434618,494396,353,1826,0.004783998,0.053613055,0.002610475,0.0318458,0.0189,0.00189,yes,yes,yes,yes,0.014862842,0.001486284,yes,yes,yes,yes
443831,500486,355,1826,0.001216103,0.08611366,0.000455411,0.008541558,0.0189,0.00189,yes,no,no,no,na,na,na,na,na,na
434972,503636,356,1826,0.007509391,0.090810405,0.003632435,0.049783675,0.0189,0.00189,yes,yes,yes,yes,0.013085078,0.001308508,yes,yes,yes,yes
450326,467570,365,1826,0.01763595,0.29012155,0.01028915,0.143986,0.0189,0.00189,yes,yes,yes,yes,0.107529042,0.010752904,yes,yes,yes,no
390310,486231,366,1826,1.05918E-05,0.000150602,5.46989E-06,7.40834E-05,0.0189,0.00189,no,no,no,no,na,na,na,na,na,na
473625,457020,367,1826,0.001051435,0.0151568,0.000676708,0.007674028,0.0189,0.00189,no,no,no,no,0.013786617,0.001378662,yes,no,no,no
403041,490834,370,1826,1.01033E-05,0.000120187,5.67575E-06,6.11322E-05,0.0189,0.00189,no,no,no,no,na,na,na,na,na,na
394558,490827,395,1826,2.80967E-06,3.90344E-05,1.45598E-06,0.000016863,0.0189,0.00189,no,no,no,no,0.025353638,0.002535364,no,no,no,no
398511,427366,396,1826,0.000427194,0.007616954,0.000352953,0.00619339,0.0189,0.00189,no,no,no,no,0.009271016,0.000927102,no,no,no,no
391025,485797,401,1826,1.05918E-05,0.000150602,5.46989E-06,7.40834E-05,0.0189,0.00189,no,no,no,no,na,na,na,na,na,na
434964,453071,404,1826,0.000179918,0.003493697,0.000112775,0.001715315,0.0189,0.00189,no,no,no,no,0.013294056,0.001329406,no,no,no,no
419320,459766,407,1826,2.48659E-05,0.000163695,1.56694E-05,0.00010534,0.0189,0.00189,no,no,no,no,0.018383637,0.001838364,no,no,no,no
448379,466273,408,1826,0.005615169,0.081388245,0.00340572,0.049796075,0.0189,0.00189,yes,yes,yes,yes,0.095436539,0.009543654,no,no,no,no
434137,403536,409,1826,0.000490144,0.003383754,0.00027476,0.002326908,0.0189,0.00189,no,no,no,no,0.011716203,0.00117162,no,no,no,no
468488,481198,416,1826,0.01768919,0.5187787,0.01186645,0.16894025,0.0189,0.00189,yes,yes,yes,yes,0.012040869,0.001204087,yes,yes,yes,yes
424181,396824,418,1826,1.24459E-05,0.000085062,5.22175E-06,3.52584E-05,0.0189,0.00189,no,no,no,no,0.022587477,0.002258748,no,no,no,no
419001,463935,421,1826,0.000110596,0.002579126,8.66388E-05,0.002103558,0.0189,0.00189,no,no,no,no,0.010540937,0.001054094,no,no,no,no
405969,459287,422,1826,7.95144E-05,0.001876159,6.56337E-05,0.00151324,0.0189,0.00189,no,no,no,no,0.026332375,0.002633238,no,no,no,no
386735,491193,425,1826,1.95525E-05,0.000360853,1.35082E-05,0.000215726,0.0189,0.00189,no,no,no,no,na,na,na,na,na,na
410545,497397,426,1826,8.57099E-05,0.000739184,4.43578E-05,0.000392426,0.0189,0.00189,no,no,no,no,0.015013143,0.001501314,no,no,no,no
415805,464525,430,1826,3.13114E-05,0.000332531,1.49609E-05,0.000162776,0.0189,0.00189,no,no,no,no,0.011786725,0.001178672,no,no,no,no
407044,452943,434,1826,8.03144E-05,0.001854255,6.73552E-05,0.001508828,0.0189,0.00189,no,no,no,no,0.010647624,0.001064762,no,no,no,no
474915,492523,436,1826,0.000268905,0.004742011,0.000193234,0.002931208,0.0189,0.00189,no,no,no,no,na,na,na,na,na,na
402701,462415,438,1826,8.02298E-05,0.001928725,6.47843E-05,0.001496878,0.0189,0.00189,no,no,no,no,0.012013815,0.001201382,no,no,no,no
461586,477401,445,1826,0.000869398,0.01159607,0.00063503,0.00798546,0.0189,0.00189,no,no,no,no,na,na,na,na,na,na
458422,452408,447,1826,0.000660227,0.01208209,0.000505805,0.010071925,0.0189,0.00189,no,no,no,no,na,na,na,na,na,na
409089,420690,448,1826,3.99917E-06,0.000385424,2.45348E-06,0.000298299,0.0189,0.00189,no,no,no,no,0.009164091,0.000916409,no,no,no,no
456447,455999,450,1826,0.004625387,0.05561422,0.00280285,0.033678175,0.0189,0.00189,yes,yes,yes,yes,0.163851638,0.016385164,no,no,no,no
425856,474321,454,1826,0.003363491,0.04445622,0.002174065,0.034130275,0.0189,0.00189,yes,yes,yes,yes,na,na,na,na,na,na
416636,479311,465,1826,2.78341E-05,0.000115354,0.000021319,8.57623E-05,0.0189,0.00189,no,no,no,no,0.028874582,0.002887458,no,no,no,no
475262,489529,469,1826,3.61221E-05,0.000218691,1.77966E-05,0.000113701,0.0189,0.00189,no,no,no,no,na,na,na,na,na,na
424317,393977,473,1826,1.62607E-05,0.000110576,0.000006749,4.71828E-05,0.0189,0.00189,no,no,no,no,0.048942705,0.004894271,no,no,no,no
404157,426223,474,1826,1.74121E-05,7.91836E-05,1.10554E-05,4.69325E-05,0.0189,0.00189,no,no,no,no,na,na,na,na,na,na
402825,440546,486,1826,7.0399E-06,6.00189E-05,4.87327E-06,4.45999E-05,0.0189,0.00189,no,no,no,no,na,na,na,na,na,na
400237,440329,487,1826,1.06936E-05,0.000121081,7.68893E-06,9.10063E-05,0.0189,0.00189,no,no,no,no,0.012738151,0.001273815,no,no,no,no
472452,496021,488,1826,1.16103E-05,8.25397E-05,5.69918E-06,3.93952E-05,0.0189,0.00189,no,no,no,no,na,na,na,na,na,na
390423,456456,493,1826,5.76451E-05,0.001100491,4.79329E-05,0.000781187,0.0189,0.00189,no,no,no,no,0.020788008,0.002078801,no,no,no,no
433377,417126,495,1826,0.000811089,0.005276093,0.000531243,0.003289248,0.0189,0.00189,no,no,no,no,0.004351098,0.00043511,yes,yes,no,yes
481682,491041,498,1826,3.05931E-05,0.000186578,0.000015396,0.000100998,0.0189,0.00189,no,no,no,no,0.02096285,0.002096285,no,no,no,no
390836,485963,504,1826,1.05918E-05,0.000150602,5.46989E-06,7.40834E-05,0.0189,0.00189,no,no,no,no,na,na,na,na,na,na
426262,387415,509,1826,1.57068E-05,0.000113827,8.74408E-06,6.12261E-05,0.0189,0.00189,no,no,no,no,0.00999555,0.000999555,no,no,no,no
433739,402154,510,1826,0.001060175,0.010333816,0.000817028,0.00851272,0.0189,0.00189,no,no,no,no,0.014882089,0.001488209,no,no,no,no
482845,471569,526,1826,0.000932353,0.013551525,0.000518221,0.00546706,0.0189,0.00189,no,no,no,no,na,na,na,na,na,na
383349,488331,535,1826,1.48225E-05,0.000209893,8.61851E-06,0.000120434,0.0189,0.00189,no,no,no,no,0.015882886,0.001588289,no,no,no,no
430525,503311,553,1826,0.002464956,0.0284077,0.001501655,0.0172474,0.0189,0.00189,yes,yes,no,no,na,na,na,na,na,na
416784,455430,562,1826,3.60266E-05,0.000254048,2.68149E-05,0.000202051,0.0189,0.00189,no,no,no,no,0.011092347,0.001109235,no,no,no,no
386295,503289,571,1826,4.10214E-06,8.83675E-05,1.83071E-06,2.52506E-05,0.0189,0.00189,no,no,no,no,0.051083007,0.005108301,no,no,no,no
383142,488381,572,1826,8.18331E-06,0.000123589,4.42269E-06,6.41102E-05,0.0189,0.00189,no,no,no,no,0.013668422,0.001366842,no,no,no,no
443090,476889,573,1826,0.0008249,0.015463095,0.000550443,0.008752208,0.0189,0.00189,no,no,no,no,0.009827688,0.000982769,yes,no,no,no
401481,444826,581,1826,0.00019844,0.00235315,0.000156479,0.001881553,0.0189,0.00189,no,no,no,no,0.010716986,0.001071699,no,no,no,no
407450,441976,584,1826,9.38339E-05,0.000939048,7.89589E-05,0.000780938,0.0189,0.00189,no,no,no,no,na,na,na,na,na,na
437879,451685,591,1826,0.002195445,0.02665722,0.001574875,0.02038125,0.0189,0.00189,yes,yes,yes,no,0.012269835,0.001226984,yes,yes,yes,yes
431954,471979,595,1826,0.000230097,0.00452292,0.00017028,0.003663648,0.0189,0.00189,no,no,no,no,0.007249393,0.000724939,no,no,no,no
416713,479983,620,1826,1.83634E-05,0.000199096,1.04646E-05,0.0001127,0.0189,0.00189,no,no,no,no,0.01329865,0.001329865,no,no,no,no
418677,480114,623,1826,2.32306E-05,0.000160861,0.00001527,9.72038E-05,0.0189,0.00189,no,no,no,no,0.01188708,0.001188708,no,no,no,no
414541,478758,638,1826,6.65673E-06,7.19606E-05,3.86154E-06,3.94977E-05,0.0189,0.00189,no,no,no,no,0.044349735,0.004434974,no,no,no,no
492923,478682,643,1826,0.001930626,0.05660176,0.0011968,0.015029275,0.0189,0.00189,yes,yes,no,no,0.010303883,0.001030388,yes,yes,yes,yes
412897,476211,646,1826,3.89306E-06,4.11899E-05,2.45778E-06,2.47937E-05,0.0189,0.00189,no,no,no,no,0.068475191,0.006847519,no,no,no,no
422637,481055,647,1826,0.000178384,0.004049435,0.000132637,0.003190005,0.0189,0.00189,no,no,no,no,0.007897304,0.00078973,no,no,no,no
432141,483579,667,1826,0.003272821,0.03454732,0.002057825,0.025355225,0.0189,0.00189,yes,yes,yes,yes,na,na,na,na,na,na
455858,499306,672,1826,0.000014146,0.000153535,6.81752E-06,5.44417E-05,0.0189,0.00189,no,no,no,no,0.008765175,0.000876517,no,no,no,no
457357,496178,673,1826,2.98525E-05,0.000279924,0.000015119,0.000120864,0.0189,0.00189,no,no,no,no,0.058587875,0.005858788,no,no,no,no
468957,482503,674,1826,0.000130572,0.000835468,7.62351E-05,0.000379848,0.0189,0.00189,no,no,no,no,0.010613835,0.001061384,no,no,no,no
469594,478171,675,1826,0.001001089,0.012623105,0.000708718,0.00827966,0.0189,0.00189,no,no,no,no,0.010214927,0.001021493,yes,no,no,no
442132,485168,684,1826,0.000345722,0.006534007,0.000232117,0.00342669,0.0189,0.00189,no,no,no,no,0.010176363,0.001017636,no,no,no,no
444436,485689,687,1826,0.000353022,0.011471055,0.000188644,0.003766565,0.0189,0.00189,no,no,no,no,0.014119337,0.001411934,no,no,no,no
483489,490125,695,1826,0.000459991,0.015969765,0.000334824,0.004564428,0.0189,0.00189,no,no,no,no,0.013077683,0.001307768,yes,no,no,no
482716,479526,737,1826,0.000324335,0.001994756,0.000186059,0.001004816,0.0189,0.00189,no,no,no,no,0.133863301,0.01338633,no,no,no,no
460941,490014,747,1826,6.15113E-05,0.000761012,2.87544E-05,0.00021791,0.0189,0.00189,no,no,no,no,na,na,na,na,na,na
464319,479988,765,1826,0.000346018,0.004757365,0.000216366,0.002148953,0.0189,0.00189,no,no,no,no,0.043822935,0.004382294,no,no,no,no
388740,501703,789,1826,7.56864E-06,0.000150721,3.63075E-06,4.97781E-05,0.0189,0.00189,no,no,no,no,0.041383662,0.004138366,no,no,no,no
451405,452014,790,1826,0.006285886,0.08027148,0.00378896,0.04861215,0.0189,0.00189,yes,yes,yes,yes,na,na,na,na,na,na
408008,477127,822,1826,1.59764E-05,0.000376317,1.12656E-05,0.000272478,0.0189,0.00189,no,no,no,no,0.023249315,0.002324932,no,no,no,no
435895,451648,862,1826,0.000177901,0.002504859,0.000105482,0.001345645,0.0189,0.00189,no,no,no,no,0.014640433,0.001464043,no,no,no,no
436010,451573,863,1826,0.000169921,0.002113888,9.88272E-05,0.001187362,0.0189,0.00189,no,no,no,no,0.015050508,0.001505051,no,no,no,no
426903,454306,869,1826,7.36426E-05,0.000465121,5.08148E-05,0.000320272,0.0189,0.00189,no,no,no,no,0.007415478,0.000741548,no,no,no,no
438657,454526,897,1826,0.000498563,0.01087938,0.000400055,0.00896661,0.0189,0.00189,no,no,no,no,0.016749407,0.001674941,no,no,no,no
444249,378523,920,1826,0.003559252,0.03813412,0.00271581,0.032146075,0.0189,0.00189,yes,yes,yes,yes,na,na,na,na,na,na
456793,403855,927,1826,0.002993944,0.03633675,0.002507075,0.03162525,0.0189,0.00189,yes,yes,yes,yes,0.045010268,0.004501027,no,no,no,no
441857,391912,929,1826,0.003075787,0.037624885,0.002553275,0.0328646,0.0189,0.00189,yes,yes,yes,yes,0.018936781,0.001893678,yes,yes,yes,yes
420191,454686,936,1826,3.92016E-05,0.000317611,2.33956E-05,0.000256236,0.0189,0.00189,no,no,no,no,0.012175463,0.001217546,no,no,no,no
413271,459657,937,1826,2.74805E-05,0.00029055,1.80909E-05,0.000213121,0.0189,0.00189,no,no,no,no,0.031161975,0.003116197,no,no,no,no
393043,471948,943,1826,6.60277E-06,8.30094E-05,4.45186E-06,6.11865E-05,0.0189,0.00189,no,no,no,no,0.015818396,0.00158184,no,no,no,no
444143,445009,948,1826,0.000418328,0.008918812,0.00034954,0.00786771,0.0189,0.00189,no,no,no,no,0.009656312,0.000965631,no,no,no,no
387402,480212,953,1826,1.47508E-05,0.000225888,1.05737E-05,0.000162171,0.0189,0.00189,no,no,no,no,0.009837135,0.000983714,no,no,no,no
388999,474910,964,1826,7.00488E-06,9.19474E-05,4.61761E-06,6.45435E-05,0.0189,0.00189,no,no,no,no,0.010428796,0.00104288,no,no,no,no
407221,452861,968,1826,8.03144E-05,0.001854255,6.73552E-05,0.001508828,0.0189,0.00189,no,no,no,no,0.026842904,0.00268429,no,no,no,no
396821,472367,971,1826,2.97863E-05,0.000506126,2.31266E-05,0.000375135,0.0189,0.00189,no,no,no,no,0.01283828,0.001283828,no,no,no,no
438877,446433,972,1826,0.000354953,0.007623503,0.000297433,0.006640623,0.0189,0.00189,no,no,no,no,0.007989136,0.000798914,no,no,no,no
441465,406581,976,1826,0.0030266,0.0309756,0.00225799,0.026059925,0.0189,0.00189,yes,yes,yes,yes,0.053539701,0.00535397,no,no,no,no
429107,406450,977,1826,0.004987334,0.052565715,0.00393636,0.043815975,0.0189,0.00189,yes,yes,yes,yes,0.009780335,0.000978034,yes,yes,yes,yes
428285,408325,989,1826,0.000280403,0.002603453,0.000181769,0.002112713,0.0189,0.00189,no,no,no,no,na,na,na,na,na,na
430043,407563,995,1826,0.001594664,0.016562035,0.001206185,0.013941925,0.0189,0.00189,no,no,no,no,0.012136065,0.001213606,yes,yes,yes,no
413723,448162,1000,1826,0.000148818,0.003475036,0.000125058,0.002901042,0.0189,0.00189,no,no,no,no,0.009741491,0.000974149,no,no,no,no
438719,390621,1007,1826,0.000463583,0.006582654,0.000385562,0.004932765,0.0189,0.00189,no,no,no,no,na,na,na,na,na,na
398353,450085,1016,1826,0.000539206,0.009316697,0.000463136,0.007171065,0.0189,0.00189,no,no,no,no,na,na,na,na,na,na
449127,399878,1026,1826,0.003038563,0.037180805,0.00256139,0.032894075,0.0189,0.00189,yes,yes,yes,yes,0.016580018,0.001658002,yes,yes,yes,yes
438252,389648,1027,1826,0.000449449,0.006289404,0.000375585,0.004786645,0.0189,0.00189,no,no,no,no,na,na,na,na,na,na
390281,462194,1051,1826,5.24624E-05,0.00091812,3.72713E-05,0.000566425,0.0189,0.00189,no,no,no,no,na,na,na,na,na,na
394209,454392,1057,1826,0.000126953,0.002235824,0.00010725,0.001694765,0.0189,0.00189,no,no,no,no,0.016873358,0.001687336,no,no,no,no
437160,371488,1082,1826,0.000058731,0.001254044,2.49229E-05,0.000894291,0.0189,0.00189,no,no,no,no,0.020213495,0.002021349,no,no,no,no
447039,397169,1085,1826,0.000801563,0.006122375,0.000341785,0.002732585,0.0189,0.00189,no,no,no,no,0.006539113,0.000653911,no,yes,no,no
441770,368499,1087,1826,0.002791546,0.03035019,0.001776325,0.024833525,0.0189,0.00189,yes,yes,yes,no,0.008853628,0.000885363,yes,yes,yes,yes
438878,370663,1100,1826,0.001409967,0.015085945,0.0011085,0.01261285,0.0189,0.00189,no,no,no,no,na,na,na,na,na,na
413113,438592,1118,1826,0.000934496,0.01513752,0.000813575,0.012263675,0.0189,0.00189,no,no,no,no,0.017231625,0.001723162,no,no,no,no
412611,432952,1119,1826,1.32978E-05,0.004888236,7.55506E-06,0.002566913,0.0189,0.00189,no,no,no,no,0.013334979,0.001333498,no,no,no,no
412694,432887,1120,1826,0.000125786,0.003281625,8.21206E-05,0.002095625,0.0189,0.00189,no,no,no,no,0.021051266,0.002105127,no,no,no,no
398802,444446,1123,1826,0.000227819,0.0029439,0.000180962,0.002408155,0.0189,0.00189,no,no,no,no,0.021030248,0.002103025,no,no,no,no
403409,437977,1127,1826,0.000108748,0.001428881,9.23364E-05,0.001188143,0.0189,0.00189,no,no,no,no,na,na,na,na,na,na
406233,440777,1128,1826,9.51409E-05,0.000951149,7.96313E-05,0.000798408,0.0189,0.00189,no,no,no,no,0.010712993,0.001071299,no,no,no,no
409844,440002,1129,1826,0.000920476,0.015405925,0.00079673,0.0122848,0.0189,0.00189,no,no,no,no,na,na,na,na,na,na
429392,432912,1136,1826,0.000636257,0.01355728,0.000438735,0.008982168,0.0189,0.00189,no,no,no,no,na,na,na,na,na,na
443128,427798,1144,1826,0.01453037,0.15855215,0.009252195,0.11763325,0.0189,0.00189,yes,yes,yes,yes,0.035948977,0.003594898,yes,yes,yes,yes
393344,421454,1147,1826,2.1516E-06,1.25041E-05,1.60661E-06,8.73033E-06,0.0189,0.00189,no,no,no,no,0.029909854,0.002990985,no,no,no,no
393135,422393,1148,1826,2.73753E-06,1.79614E-05,2.01469E-06,1.31156E-05,0.0189,0.00189,no,no,no,no,0.026222401,0.00262224,no,no,no,no
395840,431350,1151,1826,6.36349E-06,4.02318E-05,4.10593E-06,2.74925E-05,0.0189,0.00189,no,no,no,no,0.042910115,0.004291012,no,no,no,no
395899,431437,1152,1826,6.36349E-06,4.02318E-05,4.10593E-06,2.74925E-05,0.0189,0.00189,no,no,no,no,0.020608248,0.002060825,no,no,no,no
398904,429269,1153,1826,5.29667E-06,3.52312E-05,3.43696E-06,2.41608E-05,0.0189,0.00189,no,no,no,no,0.022825986,0.002282599,no,no,no,no
398826,429070,1154,1826,5.29667E-06,3.52312E-05,3.43696E-06,2.41608E-05,0.0189,0.00189,no,no,no,no,0.012964346,0.001296435,no,no,no,no
399870,423174,1169,1826,2.47073E-05,0.000334439,0.000018638,0.00026544,0.0189,0.00189,no,no,no,no,0.015544872,0.001554487,no,no,no,no
403480,418791,1170,1826,5.37544E-06,2.75994E-05,4.03318E-06,2.07475E-05,0.0189,0.00189,no,no,no,no,0.015137697,0.00151377,no,no,no,no
410007,421504,1174,1826,0.00128227,0.02142189,0.001039435,0.017785975,0.0189,0.00189,yes,no,no,no,0.007194531,0.000719453,yes,yes,yes,yes
404783,411544,1179,1826,5.26515E-06,0.00001673,3.00477E-06,9.40926E-06,0.0189,0.00189,no,no,no,no,0.010100404,0.00101004,no,no,no,no
413806,407879,1194,1826,8.52046E-06,6.49698E-05,5.73769E-06,5.33778E-05,0.0189,0.00189,no,no,no,no,na,na,na,na,na,na
432562,404750,1202,1826,0.000235871,0.002404145,0.000177077,0.001954825,0.0189,0.00189,no,no,no,no,na,na,na,na,na,na
433805,401914,1205,1826,0.001060175,0.010333816,0.000817028,0.00851272,0.0189,0.00189,no,no,no,no,0.013697814,0.001369781,no,no,no,no
427042,419163,1215,1826,0.001263713,0.007201325,0.000740881,0.00438534,0.0189,0.00189,no,no,no,no,0.020596534,0.002059653,no,no,no,no
441793,403816,1232,1826,0.002763687,0.027939545,0.002099825,0.023530375,0.0189,0.00189,yes,yes,yes,yes,0.049468976,0.004946898,no,no,no,no
402549,463346,1237,1826,8.12158E-06,0.000103308,5.30606E-06,7.45229E-05,0.0189,0.00189,no,no,no,no,0.024367079,0.002436708,no,no,no,no
422098,402966,1238,1826,0.000205097,0.00312451,0.000157362,0.00223876,0.0189,0.00189,no,no,no,no,na,na,na,na,na,na
419786,400611,1240,1826,7.23175E-06,1.51312E-05,3.94439E-06,9.68285E-06,0.0189,0.00189,no,no,no,no,0.055182115,0.005518212,no,no,no,no
424713,403739,1242,1826,0.00031023,0.003342731,0.0002543,0.002531488,0.0189,0.00189,no,no,no,no,na,na,na,na,na,na
426282,391803,1244,1826,3.05366E-05,0.000327474,2.34091E-05,0.000222485,0.0189,0.00189,no,no,no,no,0.007078914,0.000707891,no,no,no,no
429878,389521,1245,1826,4.53932E-05,0.000367976,3.43843E-05,0.00026044,0.0189,0.00189,no,no,no,no,0.016436174,0.001643617,no,no,no,no
426601,411873,1247,1826,0.000127555,0.00223186,8.11677E-05,0.001456065,0.0189,0.00189,no,no,no,no,0.009787873,0.000978787,no,no,no,no
438972,407514,1251,1826,0.001568809,0.012008625,0.000885367,0.007875297,0.0189,0.00189,no,no,no,no,0.010276224,0.001027622,yes,yes,no,no
398468,450281,1272,1826,0.000539206,0.009316697,0.000463136,0.007171065,0.0189,0.00189,no,no,no,no,0.011265635,0.001126564,no,no,no,no
403649,437983,1273,1826,0.000108748,0.001428881,9.23364E-05,0.001188143,0.0189,0.00189,no,no,no,no,0.010716279,0.001071628,no,no,no,no
437262,374961,1282,1826,0.00091699,0.009834664,0.000710781,0.00810734,0.0189,0.00189,no,no,no,no,0.194711373,0.019471137,no,no,no,no
440019,374895,1283,1826,0.00396799,0.04249721,0.003100375,0.036070375,0.0189,0.00189,yes,yes,yes,yes,na,na,na,na,na,na
445892,363280,1284,1826,1.17838E-05,6.65425E-05,5.4007E-06,3.24148E-05,0.0189,0.00189,no,no,no,no,0.028876623,0.002887662,no,no,no,no
435637,430013,1310,1826,0.002459989,0.036056625,0.002133725,0.029294275,0.0189,0.00189,yes,yes,yes,yes,0.040988649,0.004098865,no,no,no,no
461639,456139,1318,1826,0.003493471,0.05320802,0.0021346,0.031452725,0.0189,0.00189,yes,yes,yes,yes,na,na,na,na,na,na
416500,447400,1328,1826,0.000164166,0.003869432,0.000138401,0.003254487,0.0189,0.00189,no,no,no,no,na,na,na,na,na,na
436137,444039,1331,1826,0.000205509,0.001029365,0.000122697,0.000728256,0.0189,0.00189,no,no,no,no,na,na,na,na,na,na
496174,479551,1333,1826,0.000953987,0.014276595,0.000788027,0.010888275,0.0189,0.00189,no,no,no,no,0.018171577,0.001817158,no,no,no,no
457390,484236,1341,1826,5.90855E-05,0.000476093,0.000036307,0.000328265,0.0189,0.00189,no,no,no,no,0.030438691,0.003043869,no,no,no,no
403354,435516,1368,1826,2.21322E-05,8.25459E-05,1.66788E-05,6.04436E-05,0.0189,0.00189,no,no,no,no,0.01399507,0.001399507,no,no,no,no
419129,440171,1375,1826,0.001293703,0.01411792,0.00095101,0.010950575,0.0189,0.00189,no,no,no,no,0.021620799,0.00216208,no,no,no,no
395328,445917,1381,1826,1.06315E-05,7.56765E-05,5.07292E-06,3.75728E-05,0.0189,0.00189,no,no,no,no,0.019354515,0.001935452,no,no,no,no
430163,435590,1384,1826,6.24983E-05,0.006312293,3.51632E-05,0.004370285,0.0189,0.00189,no,no,no,no,0.013341866,0.001334187,no,no,no,no
413838,433211,1385,1826,9.36861E-05,0.004501302,6.02937E-05,0.00265976,0.0189,0.00189,no,no,no,no,0.027807036,0.002780704,no,no,no,no
403929,445236,1396,1826,3.99272E-05,0.00010825,2.62506E-05,7.81505E-05,0.0189,0.00189,no,no,no,no,0.012473108,0.001247311,no,no,no,no
406096,440282,1403,1826,0.000119035,0.001295028,0.000100759,0.001073685,0.0189,0.00189,no,no,no,no,0.008109522,0.000810952,no,no,no,no
402729,425913,1406,1826,0.00029051,0.005039071,0.000238863,0.00410254,0.0189,0.00189,no,no,no,no,0.01134272,0.001134272,no,no,no,no
395122,424474,1407,1826,9.0953E-06,9.30908E-05,6.58755E-06,8.06343E-05,0.0189,0.00189,no,no,no,no,0.009417288,0.000941729,no,no,no,no
417679,420549,1409,1826,0.001420564,0.023817365,0.001150845,0.019825625,0.0189,0.00189,yes,no,yes,no,0.013175615,0.001317561,yes,yes,yes,no
414854,423160,1411,1826,5.97005E-05,0.03295717,3.35489E-05,0.0214034,0.0189,0.00189,yes,no,yes,no,0.007395198,0.00073952,yes,no,yes,no
413119,407368,1413,1826,8.73467E-06,6.72823E-05,5.88318E-06,0.000055049,0.0189,0.00189,no,no,no,no,0.013512148,0.001351215,no,no,no,no
415093,410872,1415,1826,2.83973E-05,0.000565877,2.21096E-05,0.000460594,0.0189,0.00189,no,no,no,no,na,na,na,na,na,na
411057,411382,1416,1826,3.15619E-05,0.000660943,2.16656E-05,0.000550712,0.0189,0.00189,no,no,no,no,na,na,na,na,na,na
413961,412554,1417,1826,0.000443165,0.007077965,0.000359204,0.0057822,0.0189,0.00189,no,no,no,no,0.01718696,0.001718696,no,no,no,no
434752,418965,1418,1826,0.001900666,0.022538275,0.00102938,0.014687275,0.0189,0.00189,yes,yes,no,no,0.49630388,0.049630388,no,no,no,no
394173,420668,1424,1826,9.68492E-07,6.77277E-06,5.87448E-07,4.50449E-06,0.0189,0.00189,no,no,no,no,0.029916334,0.002991633,no,no,no,no
439376,387203,1425,1826,9.37376E-06,0.002160191,4.00369E-06,0.001347307,0.0189,0.00189,no,no,no,no,na,na,na,na,na,na
433149,390658,1427,1826,0.000723963,0.01065282,0.000603666,0.008009688,0.0189,0.00189,no,no,no,no,0.008032355,0.000803236,yes,no,no,no
422614,405667,1432,1826,0.000612722,0.009748939,0.000471434,0.008067298,0.0189,0.00189,no,no,no,no,0.011127347,0.001112735,no,no,no,no
434770,407932,1439,1826,0.001661296,0.017267525,0.001256435,0.014472875,0.0189,0.00189,no,no,no,no,na,na,na,na,na,na
444282,377022,1442,1826,0.00357676,0.038459395,0.00274732,0.032446825,0.0189,0.00189,yes,yes,yes,yes,0.013248294,0.001324829,yes,yes,yes,yes
439057,366595,1443,1826,2.86063E-05,0.000161289,1.02611E-05,5.92505E-05,0.0189,0.00189,no,no,no,no,0.006213435,0.000621344,no,no,no,no
440875,363634,1444,1826,0.009194196,0.093569655,0.00623226,0.079053825,0.0189,0.00189,yes,yes,yes,yes,0.010421343,0.001042134,yes,yes,yes,yes
435481,490676,1478,1826,0.007279718,0.079418235,0.00375678,0.0464154,0.0189,0.00189,yes,yes,yes,yes,0.089505565,0.008950556,no,no,no,no
404048,419773,1482,1826,5.45968E-06,2.82993E-05,3.98342E-06,2.11596E-05,0.0189,0.00189,no,no,no,no,0.011128056,0.001112806,no,no,no,no
405987,417644,1484,1826,0.000449991,0.008071057,0.000387942,0.006896818,0.0189,0.00189,no,no,no,no,0.012350355,0.001235036,no,no,no,no
404696,411681,1486,1826,8.51869E-06,6.95261E-05,6.15984E-06,5.58166E-05,0.0189,0.00189,no,no,no,no,0.013351867,0.001335187,no,no,no,no
451287,458609,1494,1826,0.000608056,0.010977505,0.000463604,0.009128558,0.0189,0.00189,no,no,no,no,0.013870745,0.001387075,no,no,no,no
415937,409332,1503,1826,2.81669E-05,0.001571822,0.000018303,0.001213078,0.0189,0.00189,no,no,no,no,0.026950187,0.002695019,no,no,no,no
410916,432349,1519,1826,0.000154016,0.002069751,9.83397E-05,0.001445505,0.0189,0.00189,no,no,no,no,na,na,na,na,na,na
406307,429955,1573,1826,0.000119537,0.001374909,9.55158E-05,0.001077088,0.0189,0.00189,no,no,no,no,0.015310876,0.001531088,no,no,no,no
397301,430659,1576,1826,5.88252E-06,3.74041E-05,3.79372E-06,2.57072E-05,0.0189,0.00189,no,no,no,no,0.012817142,0.001281714,no,no,no,no
428979,387126,1580,1826,5.20757E-05,0.000681189,0.000042136,0.000441473,0.0189,0.00189,no,no,no,no,0.014195416,0.001419542,no,no,no,no
411985,406578,1584,1826,3.86643E-06,9.64069E-06,2.2078E-06,5.65156E-06,0.0189,0.00189,no,no,no,no,0.016504235,0.001650423,no,no,no,no
429126,395638,1585,1826,5.22241E-05,0.000333375,3.58983E-05,0.000200771,0.0189,0.00189,no,no,no,no,0.011411242,0.001141124,no,no,no,no
397549,422740,1587,1826,3.56528E-06,2.76699E-05,1.8309E-06,0.000015759,0.0189,0.00189,no,no,no,no,0.032767028,0.003276703,no,no,no,no
391879,423591,1590,1826,2.07753E-05,0.000188197,1.55577E-05,0.000139637,0.0189,0.00189,no,no,no,no,0.01718225,0.001718225,no,no,no,no
391911,423488,1591,1826,1.16538E-05,0.000105384,9.05956E-06,8.01621E-05,0.0189,0.00189,no,no,no,no,0.010918616,0.001091862,no,no,no,no
400677,437362,1594,1826,1.18947E-05,4.23172E-05,7.83632E-06,2.56785E-05,0.0189,0.00189,no,no,no,no,0.011639935,0.001163994,no,no,no,no
391601,423450,1597,1826,2.41372E-06,6.84006E-06,1.36708E-06,3.44827E-06,0.0189,0.00189,no,no,no,no,0.012639402,0.00126394,no,no,no,no
414862,441636,74781,1826,1.19955E-05,0.000105807,7.80685E-06,7.80928E-05,0.0189,0.00189,no,no,no,no,0.02938335,0.002938335,no,no,no,no
399871,418625,74823,1826,5.85161E-06,1.36566E-05,3.82768E-06,8.04067E-06,0.0189,0.00189,no,no,no,no,0.041821243,0.004182124,no,no,no,no
403628,416895,74826,1826,3.95118E-06,1.63417E-05,2.75241E-06,9.92297E-06,0.0189,0.00189,no,no,no,no,0.007712157,0.000771216,no,no,no,no
418700,402880,74843,1826,0.000156635,0.002485098,0.000117148,0.001621088,0.0189,0.00189,no,no,no,no,0.013457176,0.001345718,no,no,no,no
435188,403355,75221,1826,0.000766286,0.003939061,0.000494564,0.002713707,0.0189,0.00189,no,no,no,no,0.038135568,0.003813557,no,no,no,no
427302,386471,75245,1826,9.55845E-05,0.00194834,7.83061E-05,0.00125445,0.0189,0.00189,no,no,no,no,0.00801454,0.000801454,no,no,no,no
445517,371640,75792,1826,0.001334791,0.015377565,0.000881554,0.011572175,0.0189,0.00189,no,no,no,no,na,na,na,na,na,na
412168,404167,75896,1826,1.48804E-06,1.33114E-05,7.441E-07,7.38798E-06,0.0189,0.00189,no,no,no,no,0.041240599,0.00412406,no,no,no,no
425527,391819,75902,1826,2.14204E-05,3.29058E-05,1.24601E-05,2.24053E-05,0.0189,0.00189,no,no,no,no,0.016535463,0.001653546,no,no,no,no
460259,448309,77327,1826,0.000693832,0.01263438,0.000527056,0.0103895,0.0189,0.00189,no,no,no,no,0.01260929,0.001260929,yes,no,no,no
416508,486035,77356,1826,0.000163441,0.003801967,0.000122737,0.002958675,0.0189,0.00189,no,no,no,no,0.010090953,0.001009095,no,no,no,no
433768,487837,77379,1826,0.000471661,0.008928665,0.000360351,0.007311835,0.0189,0.00189,no,no,no,no,na,na,na,na,na,na
423430,470704,77382,1826,2.88746E-05,0.000269703,1.53288E-05,0.000127303,0.0189,0.00189,no,no,no,no,0.014796497,0.00147965,no,no,no,no
414225,411795,89951,1826,0.000424987,0.007339565,0.000344158,0.006207625,0.0189,0.00189,no,no,no,no,na,na,na,na,na,na
404097,415365,90057,1826,9.52878E-06,2.80479E-05,5.28137E-06,1.35398E-05,0.0189,0.00189,no,no,no,no,0.012263953,0.001226395,no,no,no,no
464840,462224,92252,1826,0.001538238,0.024498585,0.000883846,0.01378155,0.0189,0.00189,yes,no,no,no,0.018050068,0.001805007,yes,no,no,no
412720,432943,96141,1826,0.000125786,0.003281625,8.21206E-05,0.002095625,0.0189,0.00189,no,no,no,no,0.008964567,0.000896457,no,no,no,no
416420,407410,96981,1826,1.55839E-05,0.000106293,9.67294E-06,7.33004E-05,0.0189,0.00189,no,no,no,no,na,na,na,na,na,na
416420,407410,96982,1826,1.55839E-05,0.000106293,9.67294E-06,7.33004E-05,0.0189,0.00189,no,no,no,no,na,na,na,na,na,na
413414,413848,98961,1826,0.000427369,0.00673764,0.000351834,0.005585858,0.0189,0.00189,no,no,no,no,0.016233084,0.001623308,no,no,no,no
495301,495632,115927,1826,4.14193E-05,0.000413955,1.90476E-05,0.0001107,0.0189,0.00189,no,no,no,no,0.016023343,0.001602334,no,no,no,no
422624,441731,135344,1826,3.91492E-06,2.21338E-05,2.39692E-06,1.44726E-05,0.0189,0.00189,no,no,no,no,na,na,na,na,na,na
409245,419808,135491,1826,4.21291E-06,0.000384899,2.57325E-06,0.000277572,0.0189,0.00189,no,no,no,no,na,na,na,na,na,na
409392,419755,135535,1826,4.50201E-06,2.86756E-05,2.27896E-06,1.98358E-05,0.0189,0.00189,no,no,no,no,0.01154452,0.001154452,no,no,no,no
428783,390301,142369,1826,4.10394E-05,0.000342312,3.34305E-05,0.000246271,0.0189,0.00189,no,no,no,no,0.011312442,0.001131244,no,no,no,no
416889,439180,144117,1826,0.000922603,0.01432164,0.000788788,0.01146995,0.0189,0.00189,no,no,no,no,na,na,na,na,na,na
456232,500294,144394,1826,2.56004E-05,0.000195346,1.22632E-05,9.18669E-05,0.0189,0.00189,no,no,no,no,0.007343494,0.000734349,no,no,no,no
388420,457450,144847,1826,2.38618E-06,0.000020386,1.48851E-06,1.27577E-05,0.0189,0.00189,no,no,no,no,0.016013651,0.001601365,no,no,no,no
398505,437586,145577,1826,1.22977E-05,0.000041588,7.92949E-06,2.69533E-05,0.0189,0.00189,no,no,no,no,0.067840614,0.006784061,no,no,no,no
400533,453284,145629,1826,1.00688E-05,7.52457E-05,6.85228E-06,5.62886E-05,0.0189,0.00189,no,no,no,no,0.015304451,0.001530445,no,no,no,no
404450,421124,145630,1826,0.000929585,0.01539191,0.000753345,0.013074775,0.0189,0.00189,no,no,no,no,na,na,na,na,na,na
426235,392001,150923,1826,5.13015E-05,0.000767404,0.000042807,0.000531777,0.0189,0.00189,no,no,no,no,0.018129103,0.00181291,no,no,no,no
453824,401498,151011,1826,0.00301177,0.036202525,0.002499255,0.031771575,0.0189,0.00189,yes,yes,yes,yes,na,na,na,na,na,na
450406,400229,151012,1826,0.003039113,0.03621161,0.002542905,0.031872025,0.0189,0.00189,yes,yes,yes,yes,na,na,na,na,na,na
443089,374919,151332,1826,0.003751966,0.04034815,0.002942775,0.0339389,0.0189,0.00189,yes,yes,yes,yes,0.012209316,0.001220932,yes,yes,yes,yes
422473,448302,151950,1826,6.61472E-05,0.000164996,5.06829E-05,9.79748E-05,0.0189,0.00189,no,no,no,no,0.009592535,0.000959254,no,no,no,no
419590,450882,152682,1826,6.69805E-05,0.000220911,5.43783E-05,0.000130241,0.0189,0.00189,no,no,no,no,0.015219786,0.001521979,no,no,no,no
409883,414764,153344,1826,1.80254E-05,0.001489502,1.38527E-05,0.001130848,0.0189,0.00189,no,no,no,no,0.010959597,0.00109596,no,no,no,no
430679,451620,153768,1826,8.91265E-05,0.000773791,5.34039E-05,0.000522391,0.0189,0.00189,no,no,no,no,na,na,na,na,na,na
434158,453952,153775,1826,0.000169744,0.003867593,0.000102357,0.00186519,0.0189,0.00189,no,no,no,no,na,na,na,na,na,na
444206,374029,153937,1826,0.000914486,0.009834821,0.000598081,0.00721056,0.0189,0.00189,no,no,no,no,0.014643152,0.001464315,no,no,no,no
499713,480477,153943,1826,0.01062137,0.16903925,0.00804862,0.10076975,0.0189,0.00189,yes,yes,yes,yes,0.163880092,0.016388009,yes,no,no,no
453455,454141,154010,1826,0.000519021,0.00286316,0.000251818,0.001567525,0.0189,0.00189,no,no,no,no,0.465943423,0.046594342,no,no,no,no
453112,456375,154011,1826,0.002764721,0.03447095,0.001741765,0.0214255,0.0189,0.00189,yes,yes,yes,no,0.021750686,0.002175069,yes,yes,no,no
467182,476693,154014,1826,0.001036491,0.011269483,0.000671068,0.007452765,0.0189,0.00189,no,no,no,no,0.008439264,0.000843926,yes,yes,no,no
448936,466784,154019,1826,0.007169227,0.1076721,0.004272635,0.065843425,0.0189,0.00189,yes,yes,yes,yes,0.027322795,0.002732279,yes,yes,yes,yes
457073,495985,154082,1826,1.86484E-05,0.000139968,1.03524E-05,8.07148E-05,0.0189,0.00189,no,no,no,no,0.052557509,0.005255751,no,no,no,no
433749,432643,154939,1826,0.000173991,0.014400175,0.000114148,0.009037158,0.0189,0.00189,no,no,no,no,0.04041125,0.004041125,no,no,no,no
405097,462980,155342,1826,3.63908E-05,0.000602754,2.72664E-05,0.00044029,0.0189,0.00189,no,no,no,no,0.013426666,0.001342667,no,no,no,no
405028,465645,155343,1826,1.88004E-05,3.90163E-05,1.37568E-05,2.18251E-05,0.0189,0.00189,no,no,no,no,0.051863873,0.005186387,no,no,no,no
387663,490535,155747,1826,5.55402E-05,0.001265772,3.73987E-05,0.000832096,0.0189,0.00189,no,no,no,no,na,na,na,na,na,na
436850,443203,156865,1826,0.000178536,0.005599513,0.000118973,0.003148053,0.0189,0.00189,no,no,no,no,na,na,na,na,na,na
418674,439042,157220,1826,0.001471774,0.023350915,0.001287015,0.018751625,0.0189,0.00189,yes,no,no,no,na,na,na,na,na,na
419176,438273,157221,1826,0.001471774,0.023350915,0.001287015,0.018751625,0.0189,0.00189,yes,no,no,no,na,na,na,na,na,na
423670,404597,157414,1826,0.000866069,0.006088589,0.000678373,0.004588618,0.0189,0.00189,no,no,no,no,0.018933384,0.001893338,no,no,no,no
434655,430687,157424,1826,0.002465633,0.03615665,0.002137865,0.029350775,0.0189,0.00189,yes,yes,yes,yes,na,na,na,na,na,na
401552,487833,157469,1826,9.97222E-05,0.002147862,7.23735E-05,0.001734918,0.0189,0.00189,no,no,no,no,0.015642376,0.001564238,no,no,no,no
409985,473202,157846,1826,3.68191E-05,0.000457253,0.000022754,0.0002615,0.0189,0.00189,no,no,no,no,0.012238745,0.001223874,no,no,no,no
493877,489975,158030,1826,5.15365E-05,0.000393884,3.47169E-05,0.000242876,0.0189,0.00189,no,no,no,no,0.016238638,0.001623864,no,no,no,no
474399,485822,158422,1826,0.00027444,0.004778682,0.000195761,0.003081398,0.0189,0.00189,no,no,no,no,na,na,na,na,na,na
473473,483527,158430,1826,0.0003036,0.005263169,0.000222368,0.003519125,0.0189,0.00189,no,no,no,no,na,na,na,na,na,na
473581,481394,158431,1826,0.000302736,0.005128405,0.000220735,0.003473963,0.0189,0.00189,no,no,no,no,na,na,na,na,na,na
474441,478806,158432,1826,0.000307373,0.005122255,0.000223989,0.003524468,0.0189,0.00189,no,no,no,no,na,na,na,na,na,na
474147,485108,158483,1826,0.000293866,0.005142783,0.00020929,0.003322895,0.0189,0.00189,no,no,no,no,na,na,na,na,na,na
467539,495064,158553,1826,2.85892E-05,0.00021789,1.41973E-05,0.0001202,0.0189,0.00189,no,no,no,no,na,na,na,na,na,na
470458,485529,158554,1826,0.000338564,0.005969259,0.000274438,0.00479271,0.0189,0.00189,no,no,no,no,na,na,na,na,na,na
474551,489847,158667,1826,0.000334788,0.006443269,0.000240679,0.00388739,0.0189,0.00189,no,no,no,no,na,na,na,na,na,na
487746,490466,158686,1826,3.02677E-05,0.000375766,1.30805E-05,9.50726E-05,0.0189,0.00189,no,no,no,no,na,na,na,na,na,na
484275,484233,158687,1826,6.18376E-05,0.000607153,3.03025E-05,0.000242651,0.0189,0.00189,no,no,no,no,0.009544819,0.000954482,no,no,no,no
405557,431589,158753,1826,8.13248E-07,5.77014E-06,4.38064E-07,3.45134E-06,0.0189,0.00189,no,no,no,no,0.046720019,0.004672002,no,no,no,no
413933,402784,158760,1826,3.13011E-06,2.61098E-05,1.54113E-06,1.21795E-05,0.0189,0.00189,no,no,no,no,0.060178322,0.006017832,no,no,no,no
442998,471564,158875,1826,0.002586981,0.03124353,0.001587795,0.019492525,0.0189,0.00189,yes,yes,yes,no,na,na,na,na,na,na
394305,499375,159224,1826,6.14885E-06,0.000106044,3.13565E-06,4.25988E-05,0.0189,0.00189,no,no,no,no,0.04546533,0.004546533,no,no,no,no
397971,500241,159225,1826,3.01597E-06,4.49109E-05,1.58714E-06,2.11689E-05,0.0189,0.00189,no,no,no,no,0.03581939,0.003581939,no,no,no,no
388394,504242,159226,1826,1.01939E-05,0.000170608,4.88378E-06,0.000056896,0.0189,0.00189,no,no,no,no,0.054221562,0.005422156,no,no,no,no
384824,501195,159227,1826,6.63149E-06,0.000139105,3.49939E-06,4.82448E-05,0.0189,0.00189,no,no,no,no,0.019443678,0.001944368,no,no,no,no
432421,500211,160136,1826,0.00554383,0.06342504,0.002969525,0.036937925,0.0189,0.00189,yes,yes,yes,yes,0.194364751,0.019436475,no,no,no,no
451435,462370,160152,1826,0.004987737,0.06718352,0.003009965,0.039874425,0.0189,0.00189,yes,yes,yes,yes,0.048515311,0.004851531,yes,yes,no,no
395551,490272,160280,1826,6.77484E-05,0.001362646,4.60355E-05,0.000973155,0.0189,0.00189,no,no,no,no,0.018019094,0.001801909,no,no,no,no
415267,464344,161344,1826,0.000034491,0.000364919,1.64443E-05,0.000179771,0.0189,0.00189,no,no,no,no,0.010748513,0.001074851,no,no,no,no
413842,466112,161366,1826,1.66943E-05,0.000177589,1.06735E-05,0.000116838,0.0189,0.00189,no,no,no,no,0.011776815,0.001177681,no,no,no,no
414768,466443,161389,1826,0.000016278,0.00017341,1.04855E-05,0.00011414,0.0189,0.00189,no,no,no,no,0.017678431,0.001767843,no,no,no,no
411369,466077,161421,1826,1.59192E-05,0.00019103,8.70659E-06,0.00010029,0.0189,0.00189,no,no,no,no,0.051116468,0.005111647,no,no,no,no
413567,466420,161422,1826,1.42924E-05,0.000167069,9.08853E-06,0.000102631,0.0189,0.00189,no,no,no,no,0.04831115,0.004831115,no,no,no,no
402661,465301,161428,1826,5.70162E-06,7.54176E-05,3.79169E-06,5.49437E-05,0.0189,0.00189,no,no,no,no,0.028645267,0.002864527,no,no,no,no
402488,464273,161434,1826,0.000005458,6.91918E-05,3.59359E-06,5.03679E-05,0.0189,0.00189,no,no,no,no,0.010504929,0.001050493,no,no,no,no
424797,403836,162382,1826,0.00031023,0.003342731,0.0002543,0.002531488,0.0189,0.00189,no,no,no,no,0.005722867,0.000572287,no,no,no,no
420824,472747,162703,1826,5.15715E-05,0.000519661,2.35696E-05,0.000238326,0.0189,0.00189,no,no,no,no,0.026824705,0.00268247,no,no,no,no
437294,406244,162739,1826,0.001621339,0.0167015,0.001247945,0.013852,0.0189,0.00189,no,no,no,no,0.010139192,0.001013919,yes,yes,yes,yes
393497,490546,162743,1826,5.34295E-05,0.00099153,3.68312E-05,0.000701666,0.0189,0.00189,no,no,no,no,0.015169455,0.001516945,no,no,no,no
384995,491563,162744,1826,8.38173E-06,0.00014137,4.55306E-06,0.000066291,0.0189,0.00189,no,no,no,no,na,na,na,na,na,na
384854,491544,162745,1826,8.38173E-06,0.00014137,4.55306E-06,0.000066291,0.0189,0.00189,no,no,no,no,na,na,na,na,na,na
438845,370346,163019,1826,0.001417091,0.015161745,0.001114275,0.01267115,0.0189,0.00189,no,no,no,no,0.006640656,0.000664066,yes,yes,yes,yes
411343,499155,163099,1826,0.000113213,0.00264354,7.37514E-05,0.00168378,0.0189,0.00189,no,no,no,no,0.040733301,0.00407333,no,no,no,no
417236,499993,163100,1826,0.000583164,0.007927833,0.000410517,0.006151065,0.0189,0.00189,no,no,no,no,0.018775329,0.001877533,no,no,no,no
443128,477475,163239,1826,0.001380792,0.015721805,0.000644805,0.007531455,0.0189,0.00189,no,no,no,no,na,na,na,na,na,na
420068,473501,163259,1826,4.62391E-05,0.000460308,0.000022033,0.000222363,0.0189,0.00189,no,no,no,no,0.020740959,0.002074096,no,no,no,no
398968,453540,163401,1826,5.49276E-06,4.35752E-05,3.41025E-06,2.87503E-05,0.0189,0.00189,no,no,no,no,0.012538108,0.001253811,no,no,no,no
405604,456424,163419,1826,0.000018599,6.24484E-05,1.11352E-05,4.51758E-05,0.0189,0.00189,no,no,no,no,na,na,na,na,na,na
401876,487113,163459,1826,4.4939E-06,6.02673E-05,2.62504E-06,2.96294E-05,0.0189,0.00189,no,no,no,no,0.014697852,0.001469785,no,no,no,no
387514,490038,163460,1826,3.18635E-06,4.37345E-05,1.72355E-06,2.22924E-05,0.0189,0.00189,no,no,no,no,na,na,na,na,na,na
428842,459660,163463,1826,0.000183673,0.004012494,0.000145072,0.00334901,0.0189,0.00189,no,no,no,no,0.011691181,0.001169118,no,no,no,no
414460,467690,163464,1826,2.64308E-05,0.000197185,1.86666E-05,0.000127227,0.0189,0.00189,no,no,no,no,0.013046538,0.001304654,no,no,no,no
424489,459697,163465,1826,0.000141541,0.003083321,0.000109101,0.00256172,0.0189,0.00189,no,no,no,no,0.017260288,0.001726029,no,no,no,no
427456,461651,163466,1826,0.000277775,0.003770989,0.000185689,0.002869013,0.0189,0.00189,no,no,no,no,na,na,na,na,na,na
410058,473582,163485,1826,1.93593E-05,0.000308894,1.41176E-05,0.000237957,0.0189,0.00189,no,no,no,no,na,na,na,na,na,na
428981,446935,163486,1826,0.000398238,0.002276436,0.000236014,0.001400268,0.0189,0.00189,no,no,no,no,0.018567226,0.001856723,no,no,no,no
385587,500963,163683,1826,9.9392E-06,0.000214171,4.76347E-06,6.73568E-05,0.0189,0.00189,no,no,no,no,0.024687881,0.002468788,no,no,no,no
386993,501340,163684,1826,9.43999E-06,0.000197552,4.58794E-06,6.39182E-05,0.0189,0.00189,no,no,no,no,0.030032136,0.003003214,no,no,no,no
387918,501622,163685,1826,7.74822E-06,0.000160992,3.73209E-06,5.15268E-05,0.0189,0.00189,no,no,no,no,0.054949971,0.005494997,no,no,no,no
390908,498737,163686,1826,1.87686E-05,0.000463126,1.21299E-05,0.000193022,0.0189,0.00189,no,no,no,no,na,na,na,na,na,na
461580,490896,163790,1826,4.08938E-05,0.000482143,1.65864E-05,0.000121437,0.0189,0.00189,no,no,no,no,0.066687279,0.006668728,no,no,no,no
470458,485335,163792,1826,0.000338564,0.005969259,0.000274438,0.00479271,0.0189,0.00189,no,no,no,no,na,na,na,na,na,na
470614,489713,163803,1826,2.79826E-05,0.000200352,1.22999E-05,7.84646E-05,0.0189,0.00189,no,no,no,no,na,na,na,na,na,na
460800,484181,163810,1826,4.80639E-05,0.000509601,2.18664E-05,0.000173985,0.0189,0.00189,no,no,no,no,na,na,na,na,na,na
457067,484457,163839,1826,5.90855E-05,0.000476093,0.000036307,0.000328265,0.0189,0.00189,no,no,no,no,0.011661425,0.001166142,no,no,no,no
473162,477583,163859,1826,0.000325124,0.004238507,0.000243832,0.003399818,0.0189,0.00189,no,no,no,no,0.011260455,0.001126045,no,no,no,no
470551,476112,163879,1826,0.00124945,0.018576625,0.000715213,0.010017508,0.0189,0.00189,no,no,no,no,0.018897518,0.001889752,no,no,no,no
479951,487527,163880,1826,1.29987E-05,0.000145664,6.25075E-06,4.80023E-05,0.0189,0.00189,no,no,no,no,0.012974669,0.001297467,no,no,no,no
479306,477128,163899,1826,0.000962608,0.01768298,0.000732582,0.010784225,0.0189,0.00189,no,no,no,no,0.01902673,0.001902673,no,no,no,no
436050,490659,163923,1826,0.006837539,0.076203795,0.003537335,0.0442807,0.0189,0.00189,yes,yes,yes,yes,0.017870618,0.001787062,yes,yes,yes,yes
428412,496894,163924,1826,0.000461897,0.004563598,0.000308047,0.003127618,0.0189,0.00189,no,no,no,no,0.007061403,0.00070614,no,no,no,no
385608,500839,163944,1826,9.9392E-06,0.000214171,4.76347E-06,6.73568E-05,0.0189,0.00189,no,no,no,no,0.067395636,0.006739564,no,no,no,no
456301,490818,164199,1826,1.94435E-05,0.000151779,1.07783E-05,8.32836E-05,0.0189,0.00189,no,no,no,no,0.025978263,0.002597826,no,no,no,no
445326,461186,164359,1826,0.000403449,0.006651794,0.000193152,0.003352198,0.0189,0.00189,no,no,no,no,0.019047136,0.001904714,no,no,no,no
450378,461467,164360,1826,0.004600582,0.060695535,0.00275975,0.0365083,0.0189,0.00189,yes,yes,yes,yes,0.008154895,0.00081549,yes,yes,yes,yes
438166,374382,169803,1826,0.003070115,0.032190315,0.00241799,0.026915925,0.0189,0.00189,yes,yes,yes,yes,0.023700658,0.002370066,yes,yes,yes,yes
439373,387714,171924,1826,1.14622E-05,0.003712987,4.73328E-06,0.002374572,0.0189,0.00189,no,no,no,no,0.014454376,0.001445438,no,no,no,no
400510,436523,175545,1826,3.36119E-06,2.70062E-05,1.98907E-06,1.66957E-05,0.0189,0.00189,no,no,no,no,0.05071333,0.005071333,no,no,no,no
425747,470559,180965,1826,3.93316E-05,0.000387899,1.91935E-05,0.000183002,0.0189,0.00189,no,no,no,no,0.014860172,0.001486017,no,no,no,no
424943,471234,180966,1826,4.23552E-05,0.000415053,0.000020675,0.000199199,0.0189,0.00189,no,no,no,no,0.01256636,0.001256636,no,no,no,no
409422,432488,185405,1826,2.07702E-05,0.000172576,1.01371E-05,0.000102621,0.0189,0.00189,no,no,no,no,0.009900325,0.000990032,no,no,no,no
411075,433292,185406,1826,7.81595E-06,5.66109E-05,4.18351E-06,3.55519E-05,0.0189,0.00189,no,no,no,no,0.009180303,0.00091803,no,no,no,no
426176,459143,190091,1826,0.000142838,0.002968435,0.00010773,0.002443378,0.0189,0.00189,no,no,no,no,0.007214033,0.000721403,no,no,no,no
427103,459154,190092,1826,0.000186397,0.00427078,0.0001466,0.003526228,0.0189,0.00189,no,no,no,no,0.006694143,0.000669414,no,no,no,no
402849,462855,190511,1826,7.93159E-06,9.86008E-05,5.16935E-06,7.12451E-05,0.0189,0.00189,no,no,no,no,na,na,na,na,na,na
484275,484233,190621,1826,6.18376E-05,0.000607153,3.03025E-05,0.000242651,0.0189,0.00189,no,no,no,no,na,na,na,na,na,na
408848,419461,192471,1826,3.04791E-06,0.000458572,1.80088E-06,0.000346429,0.0189,0.00189,no,no,no,no,0.007209204,0.00072092,no,no,no,no
420676,497846,194434,1826,0.000014737,0.000975486,8.65316E-06,0.000586579,0.0189,0.00189,no,no,no,no,0.016127406,0.001612741,no,no,no,no
412766,448360,195071,1826,0.000146036,0.003540368,0.000125141,0.002930163,0.0189,0.00189,no,no,no,no,0.009421779,0.000942178,no,no,no,no
412950,448286,195072,1826,0.000146036,0.003540368,0.000125141,0.002930163,0.0189,0.00189,no,no,no,no,0.006691731,0.000669173,no,no,no,no
412273,448467,195073,1826,0.000146662,0.003557822,0.000124023,0.002945595,0.0189,0.00189,no,no,no,no,0.011853428,0.001185343,no,no,no,no
421251,499785,197176,1826,0.000270717,0.007035116,0.000223373,0.004942277,0.0189,0.00189,no,no,no,no,0.011098533,0.001109853,no,no,no,no
420307,499817,197177,1826,0.000254825,0.006983463,0.000204413,0.004873228,0.0189,0.00189,no,no,no,no,0.018996421,0.001899642,no,no,no,no
423270,480090,197331,1826,0.000183625,0.004193953,0.000137189,0.00329815,0.0189,0.00189,no,no,no,no,0.008005554,0.000800555,no,no,no,no
423733,477578,197332,1826,0.000168328,0.003661538,0.000125711,0.002899523,0.0189,0.00189,no,no,no,no,0.010248199,0.00102482,no,no,no,no
426256,431929,201051,1826,0.00050914,0.006442813,0.000331882,0.00428431,0.0189,0.00189,no,no,no,no,na,na,na,na,na,na
431191,426076,201052,1826,7.99354E-05,0.003598721,5.06193E-05,0.002588575,0.0189,0.00189,no,no,no,no,0.036625551,0.003662555,no,no,no,no
444902,453680,201291,1826,0.00065846,0.013021545,0.000528515,0.01077925,0.0189,0.00189,no,no,no,no,0.016168934,0.001616893,no,no,no,no
414429,426978,201651,1826,0.000104837,0.061866305,5.67422E-05,0.039417825,0.0189,0.00189,yes,no,yes,no,0.014704585,0.001470458,yes,no,yes,no
416646,455606,201731,1826,3.60266E-05,0.000254048,2.68149E-05,0.000202051,0.0189,0.00189,no,no,no,no,0.008758415,0.000875842,no,no,no,no
500654,481161,201871,1826,0.00122595,0.0180431,0.000373712,0.002343783,0.0189,0.00189,no,no,no,no,1.230098588,0.123009859,no,no,no,no
438674,446086,201972,1826,0.000354953,0.007623503,0.000297433,0.006640623,0.0189,0.00189,no,no,no,no,0.009298436,0.000929844,no,no,no,no
400354,502902,202038,1826,7.07853E-05,0.001266415,4.38103E-05,0.000846813,0.0189,0.00189,no,no,no,no,0.023134439,0.002313444,no,no,no,no
397700,500399,202051,1826,3.03186E-06,4.53229E-05,1.59917E-06,2.15542E-05,0.0189,0.00189,no,no,no,no,0.028732511,0.002873251,no,no,no,no
460719,469408,202191,1826,0.001510701,0.06941145,0.000367274,0.002036963,0.0189,0.00189,yes,no,no,no,0.012054255,0.001205426,yes,yes,no,no
451550,476433,202192,1826,0.001100964,0.017683425,0.000686506,0.010158975,0.0189,0.00189,no,no,no,no,0.01945885,0.001945885,no,no,no,no
469332,466656,202193,1826,0.001433088,0.017720255,0.000809926,0.008101383,0.0189,0.00189,no,no,no,no,0.016930902,0.00169309,yes,no,no,no
471576,496503,202215,1826,0.000366776,0.006708335,0.000284698,0.00472455,0.0189,0.00189,no,no,no,no,0.015878793,0.001587879,no,no,no,no
397332,486823,202216,1826,7.49365E-07,4.59155E-06,3.86928E-07,3.64202E-06,0.0189,0.00189,no,no,no,no,0.011342785,0.001134278,no,no,no,no
472431,496769,202218,1826,7.06044E-06,5.31928E-05,3.47194E-06,2.47071E-05,0.0189,0.00189,no,no,no,no,0.038527878,0.003852788,no,no,no,no
387592,460282,202238,1826,5.63617E-06,4.58419E-05,4.03528E-06,3.57971E-05,0.0189,0.00189,no,no,no,no,0.023978189,0.002397819,no,no,no,no
404853,483470,202239,1826,4.83096E-05,0.000399186,3.19332E-05,0.000276733,0.0189,0.00189,no,no,no,no,0.03798424,0.003798424,no,no,no,no
386861,491519,202240,1826,6.24851E-06,9.85288E-05,2.92453E-06,4.10854E-05,0.0189,0.00189,no,no,no,no,0.018276104,0.00182761,no,no,no,no
390335,423744,202256,1826,6.45575E-07,6.12734E-06,3.45792E-07,3.21365E-06,0.0189,0.00189,no,no,no,no,0.006784805,0.000678481,no,no,no,no
488983,492021,202294,1826,3.24433E-05,0.000302891,1.42834E-05,9.25984E-05,0.0189,0.00189,no,no,no,no,0.021961949,0.002196195,no,no,no,no
398797,446927,202295,1826,0.000682947,0.0118414,0.000586179,0.009172308,0.0189,0.00189,no,no,no,no,0.028708776,0.002870878,no,no,no,no
430183,378983,202427,1826,0.000171115,0.000985636,6.01859E-05,0.000340502,0.0189,0.00189,no,no,no,no,0.014420066,0.001442007,no,no,no,no
428766,399869,202428,1826,0.001143282,0.016289235,0.000939072,0.013071625,0.0189,0.00189,no,no,no,no,0.009975514,0.000997551,yes,yes,yes,no
432435,373992,202539,1826,2.86167E-05,0.000145168,2.37573E-05,0.000119046,0.0189,0.00189,no,no,no,no,0.017512179,0.001751218,no,no,no,no
421940,422652,202564,1826,0.004181667,0.054552835,0.002669645,0.03714355,0.0189,0.00189,yes,yes,yes,yes,0.026293627,0.002629363,yes,yes,yes,yes
466354,453637,202571,1826,0.01263481,0.15823715,0.00786359,0.096719475,0.0189,0.00189,yes,yes,yes,yes,0.051712249,0.005171225,yes,yes,yes,yes
429034,489526,202631,1826,0.001997021,0.0213491,0.001400275,0.01726865,0.0189,0.00189,yes,yes,no,no,na,na,na,na,na,na
474329,486385,202632,1826,0.000271719,0.004787228,0.00019602,0.003081007,0.0189,0.00189,no,no,no,no,0.01461079,0.001461079,no,no,no,no
404990,502898,202681,1826,2.45276E-06,2.72913E-05,1.31679E-06,1.35037E-05,0.0189,0.00189,no,no,no,no,0.018253759,0.001825376,no,no,no,no
409930,486151,202715,1826,9.62038E-05,0.001447518,6.40417E-05,0.001057723,0.0189,0.00189,no,no,no,no,0.013111082,0.001311108,no,no,no,no
438501,498232,202731,1826,0.001076292,0.005841843,0.000352301,0.002063505,0.0189,0.00189,no,no,no,no,na,na,na,na,na,na
470277,490702,202732,1826,2.43091E-05,0.000196994,1.02642E-05,6.69761E-05,0.0189,0.00189,no,no,no,no,0.052082113,0.005208211,no,no,no,no
424131,474400,202781,1826,3.59255E-05,0.000247079,1.99571E-05,0.000135687,0.0189,0.00189,no,no,no,no,0.016342327,0.001634233,no,no,no,no
395260,424577,202977,1826,9.04282E-06,9.21988E-05,6.54034E-06,7.99768E-05,0.0189,0.00189,no,no,no,no,0.017350023,0.001735002,no,no,no,no
419493,407786,203095,1826,2.62703E-05,0.000162404,1.25836E-05,7.47358E-05,0.0189,0.00189,no,no,no,no,0.01881899,0.001881899,no,no,no,no
506836,480395,203096,1826,0.005239098,0.09099303,0.003359295,0.04045185,0.0189,0.00189,yes,yes,yes,yes,0.06815646,0.006815646,yes,no,no,no
429986,470310,205151,1826,0.00019376,0.002830389,0.000126565,0.002149748,0.0189,0.00189,no,no,no,no,0.016231496,0.00162315,no,no,no,no
422107,456688,205171,1826,1.45602E-05,7.57462E-05,7.06984E-06,0.000055029,0.0189,0.00189,no,no,no,no,na,na,na,na,na,na
432762,465932,205191,1826,0.000727033,0.006135703,0.000364547,0.00221666,0.0189,0.00189,no,no,no,no,0.01671345,0.001671345,no,no,no,no
449901,462807,205294,1826,0.000999653,0.006073224,0.000499082,0.003141093,0.0189,0.00189,no,no,no,no,0.033000819,0.003300082,no,no,no,no
418986,411988,205451,1826,2.29121E-05,0.000525996,1.32066E-05,0.000284827,0.0189,0.00189,no,no,no,no,0.012785919,0.001278592,no,no,no,no
467694,468369,205452,1826,0.001610112,0.02719018,0.0009414,0.010450075,0.0189,0.00189,yes,no,no,no,0.029077428,0.002907743,no,no,no,no
406934,441236,205508,1826,9.47035E-05,0.000949302,7.97822E-05,0.000789425,0.0189,0.00189,no,no,no,no,0.015908349,0.001590835,no,no,no,no
442802,482883,205733,1826,0.00036443,0.006549974,0.00023987,0.003429245,0.0189,0.00189,no,no,no,no,0.019618615,0.001961862,no,no,no,no
438457,433055,205791,1826,0.00036668,0.002106042,0.000183868,0.001126208,0.0189,0.00189,no,no,no,no,na,na,na,na,na,na
383835,489061,205811,1826,1.04424E-05,0.000152601,5.94438E-06,8.44657E-05,0.0189,0.00189,no,no,no,no,0.02957661,0.002957661,no,no,no,no
418001,459004,205851,1826,1.87261E-05,0.000163631,0.000011235,0.000109249,0.0189,0.00189,no,no,no,no,0.01189957,0.001189957,no,no,no,no
456557,478805,206212,1826,2.24822E-05,0.000136313,1.44553E-05,9.96124E-05,0.0189,0.00189,no,no,no,no,0.011991246,0.001199125,no,no,no,no
473467,483924,206411,1826,0.000304031,0.005288476,0.000222678,0.00352726,0.0189,0.00189,no,no,no,no,0.022362796,0.00223628,no,no,no,no
435640,367595,207311,1826,2.33349E-05,0.000131526,8.93607E-06,5.34582E-05,0.0189,0.00189,no,no,no,no,na,na,na,na,na,na
464939,477769,208211,1826,0.000896387,0.01216384,0.000658934,0.007968815,0.0189,0.00189,no,no,no,no,0.012133413,0.001213341,yes,no,no,no
399121,481081,208231,1826,2.17222E-06,0.000035395,1.17141E-06,1.48023E-05,0.0189,0.00189,no,no,no,no,0.034764709,0.003476471,no,no,no,no
427513,468228,212111,1826,0.000226211,0.004100245,0.000173975,0.003292598,0.0189,0.00189,no,no,no,no,0.011664016,0.001166402,no,no,no,no
476600,467686,213071,1826,0.000534547,0.004528662,0.000307234,0.00294644,0.0189,0.00189,no,no,no,no,0.013725592,0.001372559,no,no,no,no
473561,460270,213072,1826,0.00062942,0.008990713,0.000471323,0.006650052,0.0189,0.00189,no,no,no,no,0.013412432,0.001341243,no,no,no,no
412488,432976,213131,1826,1.32978E-05,0.004888236,7.55506E-06,0.002566913,0.0189,0.00189,no,no,no,no,0.021961391,0.002196139,no,no,no,no
409028,414155,213251,1826,1.33382E-05,0.000150418,1.01863E-05,0.00011771,0.0189,0.00189,no,no,no,no,0.012053803,0.00120538,no,no,no,no
418601,478540,213631,1826,3.53557E-05,0.000300891,1.55378E-05,0.000153071,0.0189,0.00189,no,no,no,no,0.02559811,0.002559811,no,no,no,no
432358,447327,213633,1826,0.00030625,0.001473703,0.000182752,0.00106147,0.0189,0.00189,no,no,no,no,0.024802344,0.002480234,no,no,no,no
400021,426594,213635,1826,0.000263295,0.00459716,0.000215279,0.003698257,0.0189,0.00189,no,no,no,no,0.016083846,0.001608385,no,no,no,no
438303,396773,213752,1826,7.86889E-05,0.00043838,3.08353E-05,0.000183214,0.0189,0.00189,no,no,no,no,0.014830719,0.001483072,no,no,no,no
424716,396650,213871,1826,1.59635E-05,0.000109374,6.7212E-06,4.56252E-05,0.0189,0.00189,no,no,no,no,0.050105841,0.005010584,no,no,no,no
445446,381808,213873,1826,0.003170754,0.034097495,0.002436415,0.028655575,0.0189,0.00189,yes,yes,yes,yes,na,na,na,na,na,na
399553,492722,213912,1826,9.78449E-06,0.000135186,5.17703E-06,6.29241E-05,0.0189,0.00189,no,no,no,no,0.023088882,0.002308888,no,no,no,no
388447,476004,213913,1826,8.01176E-06,0.00010496,5.19153E-06,7.31541E-05,0.0189,0.00189,no,no,no,no,0.017815675,0.001781567,no,no,no,no
418339,499817,213998,1826,0.000172329,0.004537069,0.000126313,0.002997998,0.0189,0.00189,no,no,no,no,0.05453495,0.005453495,no,no,no,no
494615,498014,214016,1826,1.93773E-05,0.000185629,9.21344E-06,4.92108E-05,0.0189,0.00189,no,no,no,no,na,na,na,na,na,na
447671,457463,214017,1826,0.000777585,0.004567686,0.000360658,0.00228623,0.0189,0.00189,no,no,no,no,0.012031622,0.001203162,no,no,no,no
493899,495087,214060,1826,3.93254E-05,0.000388847,1.86465E-05,0.000108982,0.0189,0.00189,no,no,no,no,0.026716482,0.002671648,no,no,no,no
435801,493523,214111,1826,0.001060737,0.033338865,0.00037973,0.010833425,0.0189,0.00189,yes,no,no,no,0.010464076,0.001046408,yes,yes,yes,no
419118,409466,215037,1826,6.65347E-05,0.000562767,0.000037633,0.000331658,0.0189,0.00189,no,no,no,no,0.018936138,0.001893614,no,no,no,no
393999,425431,215071,1826,1.44526E-05,0.000116029,8.15055E-06,6.80363E-05,0.0189,0.00189,no,no,no,no,0.018829431,0.001882943,no,no,no,no
423456,502769,215192,1826,0.000191458,0.000897342,8.92018E-05,0.000428082,0.0189,0.00189,no,no,no,no,0.029203611,0.002920361,no,no,no,no
406393,473561,215316,1826,8.58134E-06,8.72718E-05,5.54313E-06,6.74796E-05,0.0189,0.00189,no,no,no,no,0.059677991,0.005967799,no,no,no,no
446671,473105,215371,1826,0.000083056,0.000570197,2.92405E-05,0.000179273,0.0189,0.00189,no,no,no,no,0.141527911,0.014152791,no,no,no,no
446934,487751,215372,1826,6.45696E-06,0.000072019,4.11297E-06,3.59451E-05,0.0189,0.00189,no,no,no,no,0.016837406,0.001683741,no,no,no,no
414256,404847,215471,1826,9.05873E-06,6.36174E-05,5.95671E-06,4.86884E-05,0.0189,0.00189,no,no,no,no,0.010718103,0.00107181,no,no,no,no
439243,422266,215575,1826,1.68971E-05,9.37932E-05,1.03953E-05,6.04537E-05,0.0189,0.00189,no,no,no,no,0.016221919,0.001622192,no,no,no,no
480902,471024,215606,1826,0.002019155,0.01335646,0.00096517,0.00477397,0.0189,0.00189,no,yes,no,no,0.015348845,0.001534885,no,yes,no,no
475127,479767,215607,1826,0.000558529,0.010052948,0.000163235,0.000748836,0.0189,0.00189,no,no,no,no,0.01237615,0.001237615,no,no,no,no