"water_body","opcat_name"
"GB104027062870","Middle Aire"
"GB104027063050","Upper Aire"
"GB104027064090","Upper Wharfe"
"GB104027068820","Lower Swale"
"GB104027069250","Upper Wharfe"
"GB104027064180","Upper Wharfe"
"GB104027068900","Lower Swale"
"GB104027063870","Upper Ouse Yorkshire"
"GB104027069290","Upper Wharfe"
"GB104027064050","Middle Wharfe and Washburn"
"GB104027068297","Middle and Lower Nidd"
"GB104027069464","Upper Ure"
"GB104027064254","Middle Wharfe and Washburn"
"GB104027064150","Upper Wharfe"
"GB104027068810","Lower Swale"
"GB104027069280","Upper Wharfe"
"GB104027063010","Upper Aire"
"GB104027062990","Upper Aire"
"GB104027063770","Middle and Lower Nidd"
"GB104027069350","Upper Ure"
"GB104027063035","Lower Aire"
"GB104027063130","Upper Aire"
"GB104027069400","Upper Ure"
"GB104027064020","Middle Wharfe and Washburn"
"GB104027069240","Upper Wharfe"
"GB104027063950","Lower Wharfe"
"GB104027069330","Upper Ure"
"GB104027063730","Upper Ouse Yorkshire"
"GB104027069530","Wiske"
"GB104027069591","Lower Swale"
"GB104027062960","Upper Aire"
"GB104027062900","Lower Aire"
"GB104027069230","Upper Wharfe"
"GB104027064210","Middle Aire"
"GB104027063840","Upper Ouse Yorkshire"
"GB104027064140","Middle and Lower Ure"
"GB104027062910","Lower Aire"
"GB104027069270","Middle and Lower Ure"
"GB104027068850","Middle Swale"
"GB104027068800","Middle Swale"
"GB104027062880","Lower Aire"
"GB104027064257","Middle Wharfe and Washburn"
"GB104027063060","Upper Aire"
"GB104027064253","Upper Wharfe"
"GB104027063120","Upper Aire"
"GB104027062980","Upper Aire"
"GB104027068930","Middle Swale"
"GB104027063020","Upper Aire"
"GB104027069320","Upper Wharfe"
"GB104027064010","Middle Wharfe and Washburn"
"GB104027069461","Middle and Lower Ure"
"GB104027069190","Middle and Lower Ure"
"GB104027062930","Upper Aire"
"GB104027064130","Middle and Lower Ure"
"GB104027064100","Middle and Lower Ure"
"GB104027064040","Middle Wharfe and Washburn"
"GB104027063090","Upper Aire"
"GB104027063860","Upper Ouse Yorkshire"
"GB104027064030","Middle Wharfe and Washburn"
"GB104027064190","Upper Wharfe"
"GB104027062950","Middle Aire"
"GB104027063080","Upper Aire"
"GB104027063033","Upper Aire"
"GB104027063810","Upper Nidd"
"GB104027069340","Upper Ure"
"GB112071065640","Limestone Ribble"
"GB104027068296","Middle and Lower Nidd"
"GB104027068790","Lower Swale"
"GB104027063920","Upper Ouse Yorkshire"
"GB104027064110","Middle and Lower Ure"
"GB104027069200","Middle and Lower Ure"
"GB104027063741","Middle and Lower Nidd"
"GB104027064161","Middle and Lower Ure"
"GB104027069310","Middle and Lower Ure"
"GB104027064070","Middle Wharfe and Washburn"
"GB104027063880","Upper Nidd"
"GB104027063800","Middle and Lower Ure"
"GB104027069390","Upper Ure"
"GB104027063110","Upper Aire"
"GB104027069220","Upper Wharfe"
"GB104027063070","Upper Aire"
"GB104027068780","Lower Swale"
"GB112071065160","Colne Water"
"GB104027069210","Middle and Lower Ure"
"GB104027063960","Middle Wharfe and Washburn"
"GB104027069592","Middle and Lower Ure"
"GB104027062891","Middle Aire"
"GB104027069260","Middle and Lower Ure"
"GB104027064060","Middle Wharfe and Washburn"
"GB104027064255","Lower Wharfe"
"GB104027068295","Upper Nidd"
"GB104027063990","Middle Wharfe and Washburn"
"GB104027063970","Middle Wharfe and Washburn"
"GB104027063890","Upper Nidd"
"GB104027063700","Middle and Lower Nidd"
"GB104027068292","Middle and Lower Nidd"
"GB104027068294","Upper Nidd"
"GB104027064258","Middle Wharfe and Washburn"
"GB104027068298","Middle and Lower Nidd"
"GB104027068380","Upper Nidd"
"GB104027064120","Upper Wharfe"
"GB104027063100","Upper Aire"
"GB104027063760","Middle and Lower Nidd"
"GB104027064080","Middle Wharfe and Washburn"
"GB104027064162","Middle and Lower Ure"
"GB104027068830","Wiske"
"GB104027062920","Lower Aire"
"GB104027069360","Upper Ure"
"GB104027062970","Upper Aire"
"GB104027063034","Middle Aire"
"GB104027064230","Middle Aire"
"GB104027069300","Middle and Lower Ure"
"GB104027068841","Middle Swale"
"GB104027062940","Middle Aire"
"GB104027068300","Upper Nidd"
"GB104027063850","Middle and Lower Nidd"
"GB104027068270","Upper Ouse Yorkshire"
"GB104027063742","Middle and Lower Nidd"
"GB104027063580","Middle Derwent Yorkshire"
"GB104027069090","Upper Swale"
"GB104027067760","Foss"
"GB104027063520","Foss"
"GB104027069000","Middle Swale"
"GB103025071890","Leven Northumbria"
"GB104027068260","Rye"
"GB104027069540","Wiske"
"GB104027068120","Esk"
"GB104027063900","Upper Ouse Yorkshire"
"GB103025072110","Tees Middle"
"GB104027063530","Foss"
"GB112071071590","Limestone Ribble"
"GB104027069470","Upper Ure"
"GB103025072050","Tees Lower and Estuary"
"GB104027068630","Rye"
"GB104027069121","Upper Swale"
"GB104027068580","Rye"
"GB104027064001","Upper Ouse Yorkshire"
"GB104027068450","Rye"
"GB104027069070","Upper Swale"
"GB104027069040","Upper Swale"
"GB104027069110","Upper Swale"
"GB104027068960","Middle Swale"
"GB104027068591","Rye"
"GB104027068201","Rye"
"GB104027069560","Wiske"
"GB104027068420","Rye"
"GB104027068560","Rye"
"GB104027068640","Rye"
"GB104027068620","Rye"
"GB104027068910","Middle Swale"
"GB104027069510","Upper Ure"
"GB104027069480","Upper Ure"
"GB104027068990","Middle Swale"
"GB104027069060","Middle Swale"
"GB104027068320","Rye"
"GB103025072060","Tees Middle"
"GB103025072080","Tees Middle"
"GB104027069030","Upper Swale"
"GB104027069593","Upper Ouse Yorkshire"
"GB104027068920","Middle Swale"
"GB104027068240","Rye"
"GB104027069490","Upper Ure"
"GB104027069170","Upper Swale"
"GB104027069180","Middle Swale"
"GB104027068250","Rye"
"GB104027068340","Rye"
"GB104027069150","Upper Swale"
"GB104027068312","Middle Derwent Yorkshire"
"GB104027063500","Foss"
"GB104027068280","Rye"
"GB104027068980","Upper Swale"
"GB104027069430","Upper Ure"
"GB104027069550","Wiske"
"GB104027063720","Upper Ouse Yorkshire"
"GB104027069050","Upper Swale"
"GB104027068080","Esk"
"GB104027069500","Upper Ure"
"GB104027068950","Lower Swale"
"GB104027068110","Esk"
"GB104027069080","Upper Swale"
"GB104027069160","Middle Swale"
"GB104027069380","Upper Ure"
"GB104027063540","Foss"
"GB103025072150","Tees Middle"
"GB104027068550","Rye"
"GB104027068880","Lower Swale"
"GB104027068870","Lower Swale"
"GB104027068940","Middle Swale"
"GB104027069520","Upper Ure"
"GB104027063790","Upper Ouse Yorkshire"
"GB104027069410","Upper Ure"
"GB104027068210","Rye"
"GB103025072140","Tees Middle"
"GB104027063560","Foss"
"GB104027063910","Upper Ouse Yorkshire"
"GB104027068220","Rye"
"GB104027069100","Upper Swale"
"GB104027069140","Upper Swale"
"GB104027068230","Rye"
"GB104027069010","Lower Swale"
"GB104027069122","Middle Swale"
"GB104027063830","Upper Ouse Yorkshire"
"GB103025072070","Tees Middle"
"GB104027068200","Rye"
"GB104027063780","Upper Ouse Yorkshire"
"GB104027069130","Upper Swale"
"GB104027069450","Wiske"
"GB104027069020","Middle Swale"
"GB104027068430","Rye"
"GB104027068330","Rye"
"GB104027069463","Upper Ure"
"GB104027068500","Rye"
"GB104027063820","Upper Ouse Yorkshire"
"GB104027068190","Rye"
"GB104027063570","Middle Derwent Yorkshire"
"GB104027068970","Middle Swale"
"GB104027063590","Colne and Holme"
"GB104027063036","Lower Aire"
"GB104027063172","Dearne"
"GB104027062632","Lower Calder"
"GB112071065060","Calder"
"GB104027062670","Lower Calder"
"GB104027062631","Lower Calder"
"GB104027062690","Upper Calder"
"GB112069064730","Roch Irk Medlock"
"GB104027063310","Dearne"
"GB104027062520","Middle Calder"
"GB104027062840","Upper Calder"
"GB104027062620","Lower Calder"
"GB104027062861","Middle Aire"
"GB104027062680","Lower Aire"
"GB104027057530","Upper Don"
"GB104027062710","Lower Calder"
"GB104027057490","Upper Don"
"GB104027062700","Middle Calder"
"GB104027062720","Middle Calder"
"GB104027062642","Middle Calder"
"GB104027063360","Lower Don"
"GB104027062770","Middle Calder"
"GB104027062862","Middle Aire"
"GB104027057470","Dearne"
"GB104027063150","Dearne"
"GB104027062550","Colne and Holme"
"GB104027062731","Upper Calder"
"GB104027062600","Upper Calder"
"GB104027062810","Lower Aire"
"GB104027063220","Dearne"
"GB104027062830","Lower Aire"
"GB104027063230","Dearne"
"GB104027062641","Middle Calder"
"GB104027063301","Colne and Holme"
"GB104027063180","Dearne"
"GB104027063171","Dearne"
"GB104027062780","Middle Calder"
"GB104028058440","Middle Don"
"GB104027064242","Middle Don"
"GB104027063340","Colne and Holme"
"GB104027057560","Dearne"
"GB104027062660","Upper Calder"
"GB104027062820","Upper Calder"
"GB104027064200","Middle Aire"
"GB104027063250","Colne and Holme"
"GB104027062540","Middle Calder"
"GB104027057550","Dearne"
"GB104027063037","Lower Aire"
"GB104027062530","Lower Calder"
"GB104027063190","Colne and Holme"
"GB104027063330","Colne and Holme"
"GB104027063173","Dearne"
"GB104027063260","Dearne"
"GB104027062610","Middle Calder"
"GB104027057610","Colne and Holme"
"GB104027063240","Lower Don"
"GB104027062650","Upper Calder"
"GB104027063140","Lower Don"
"GB104027057520","Dearne"
"GB104027057510","Dearne"
"GB104027063411","Lower Don"
"GB104027057600","Colne and Holme"
"GB104027062750","Lower Aire"
"GB104027063370","Lower Don"
"GB104027057500","Upper Don"
"GB104027062850","Upper Calder"
"GB104027063320","Lower Don"
"GB104027057480","Dearne"
"GB104027062570","Middle Calder"
"GB104027062510","Lower Calder"
"GB104027062590","Lower Calder"
"GB104027062580","Middle Calder"
"GB104027062560","Lower Calder"
"GB104027062740","Lower Aire"
"GB104027063480","Lower Derwent Yorkshire"
"GB104027063510","Middle Derwent Yorkshire"
"GB104027067900","Upper Derwent Yorkshire"
"GB104027067811","Upper Derwent Yorkshire"
"GB104027068540","Rye"
"GB104027067930","Upper Derwent Yorkshire"
"GB104027068460","Upper Derwent Yorkshire"
"GB104027067890","Upper Derwent Yorkshire"
"GB104027067960","Upper Derwent Yorkshire"
"GB104027073281","Upper Derwent Yorkshire"
"GB104027068470","Rye"
"GB104027068401","Rye"
"GB104027063550","Middle Derwent Yorkshire"
"GB104027068510","Rye"
"GB104027068570","Rye"
"GB104027068313","Middle Derwent Yorkshire"
"GB104027068480","Rye"
"GB104027068440","Rye"
"GB104026067080","Upper Hull"
"GB104027068600","Rye"
"GB104027067880","Upper Derwent Yorkshire"
"GB104027067971","Upper Derwent Yorkshire"
"GB104026072790","Gypsey Race"
"GB104027067950","Upper Derwent Yorkshire"
"GB104027067750","Middle Derwent Yorkshire"
"GB104027068370","Rye"
"GB104027068490","Rye"
"GB104027068520","Rye"
"GB104027067910","Upper Derwent Yorkshire"
"GB104027067870","Upper Derwent Yorkshire"
"GB104027067990","Upper Derwent Yorkshire"
"GB104027068020","Esk"
"GB104027068530","Rye"
"GB104027068100","Esk"
"GB104027067790","Upper Derwent Yorkshire"
"GB104027068040","Upper Derwent Yorkshire"
"GB104027067800","Upper Derwent Yorkshire"
"GB104027057720","Rother and Doe Lea"
"GB104028058020","Idle River"
"GB104027057452","Middle Don"
"GB104028058380","Isle of Axholme"
"GB104027057760","Middle Don"
"GB104027057380","Upper Don"
"GB104027057360","Middle Don"
"GB104027057740","Rother and Doe Lea"
"GB104027057301","Rother and Doe Lea"
"GB104028057900","Derwent Upper -  Derbyshire"
"GB104027057750","Middle Don"
"GB104027057412","Middle Don"
"GB104027057700","Rother and Doe Lea"
"GB104027057773","Rother and Doe Lea"
"GB104027057290","Rother and Doe Lea"
"GB104027057390","Upper Don"
"GB104027057630","Rother and Doe Lea"
"GB104027057620","Rother and Doe Lea"
"GB104027057430","Middle Don"
"GB104027057370","Upper Don"
"GB104027052280","Rother and Doe Lea"
"GB104028057870","Derwent Upper -  Derbyshire"
"GB104027057400","Upper Don"
"GB104027057660","Rother and Doe Lea"
"GB104027057460","Upper Don"
"GB104027057670","Rother and Doe Lea"
"GB104027057710","Rother and Doe Lea"
"GB104027057320","Rother and Doe Lea"
"GB104027057413","Middle Don"
"GB104028058162","Idle River"
"GB104027057420","Middle Don"
"GB104027057411","Upper Don"
"GB104027057640","Rother and Doe Lea"
"GB104027057310","Rother and Doe Lea"
"GB104027057340","Upper Don"
"GB104027057772","Rother and Doe Lea"
"GB104027057771","Rother and Doe Lea"
"GB104027057440","Middle Don"
"GB104027064244","Middle Don"
"GB104028052350","Derwent Middle - Derbyshire"
"GB104028052370","Derwent Middle - Derbyshire"
"GB104027057730","Rother and Doe Lea"
